date,exchange,open,high,low,inflation
2022-12-30,3425,3444,3444,3444,13.214
2022-12-29,3415,3443.5,3443.5,3438,13.214
2022-12-28,3413,3442,3450.5,3423,13.214
2022-12-27,3400,3445.5,3445.5,3425,13.214
2022-12-26,3410,3434,3437,3432,13.214
2022-12-23,3414,3435,3442,3434,13.214
2022-12-22,3415,3442,3442,3435,13.214
2022-12-21,3420,3436,3442,3435,13.214
2022-12-20,3422,3436,3436,3436,13.214
2022-12-19,3422,3436,3436,3436,13.214
2022-12-16,3403,3434.5,3434.5,3425,13.214
2022-12-15,3400,3436.5,3436.5,3425,13.214
2022-12-14,3405,3434.5,3437,3425,13.214
2022-12-13,3400,3425,3427.5,3422.5,13.214
2022-12-12,3417,3431,3431,3431,13.214
2022-12-09,3405,3425,3425,3425,13.214
2022-12-08,3407,3429,3429,3425,13.214
2022-12-07,3407,3422.5,3434.5,3413.5,13.214
2022-12-06,3400,3431,3431,3425,13.214
2022-12-05,3400,3428,3431.5,3424.5,13.214
2022-12-02,3400,3429,3429.5,3424.5,13.214
2022-12-01,3406,3429.5,3429.5,3424.5,13.214
2022-11-30,3400,3428,3429.5,3423.5,14.536
2022-11-29,3401,3426,3429,3423,14.536
2022-11-28,3403,3424.5,3427,3422.5,14.536
2022-11-25,3400,3424.5,3424.5,3422.5,14.536
2022-11-23,3400,3415.5,3423,3415.5,14.536
2022-11-22,3398,3416,3420.5,3412.5,14.536
2022-11-21,3390,3416,3417.5,3412.5,14.536
2022-11-18,3395,3416,3417.5,3416,14.536
2022-11-17,3395,3416.5,3418,3415.5,14.536
2022-11-16,3391,3417.5,3417.5,3406,14.536
2022-11-15,3406,3418,3419,3405,14.536
2022-11-14,3406,3417.5,3417.5,3404.5,14.536
2022-11-11,3405,3417.5,3417.5,3405,14.536
2022-11-10,3408,3405.5,3408.5,3405,14.536
2022-11-09,3410,3415.5,3418,3408,14.536
2022-11-08,3407,3407,3408,3406,14.536
2022-11-07,3407,3411.5,3416,3407,14.536
2022-11-04,3407,3411.5,3411.5,3407,14.536
2022-11-03,3408.5,3410.5,3411.5,3406,14.536
2022-11-02,3410,3411.5,3412.5,3407.5,14.536
2022-11-01,3413,3403,3413,3402.5,14.536
2022-10-31,3385,3403,3405,3403,14.524
2022-10-28,3378,3401.5,3401.5,3401.5,14.524
2022-10-27,3375,3398,3400,3398,14.524
2022-10-26,3373,3400.5,3400.5,3397,14.524
2022-10-25,3373,3397,3397,3397,14.524
2022-10-24,3373,3395,3398,3395,14.524
2022-10-21,3370,3397,3397,3395,14.524
2022-10-20,3397,3392.5,3397,3389.5,14.524
2022-10-19,3390,3390,3395,3390,14.524
2022-10-18,3390,3388.5,3391,3387.5,14.524
2022-10-17,3390,3389,3391.5,3385,14.524
2022-10-14,3385,3388,3388,3385,14.524
2022-10-13,3388,3367,3391,3361,14.524
2022-10-12,3380,3360,3384.5,3357.5,14.524
2022-10-11,3326,3360,3360,3326,14.524
2022-10-10,3327,3325,3327,3325,14.524
2022-10-07,3325,3325,3325,3325,14.524
2022-10-06,3325,3326,3327,3324,14.524
2022-10-05,3326,3322.5,3326.5,3322.5,14.524
2022-10-04,3325,3338,3338,3325,14.524
2022-10-03,3325,3351.5,3352,3325,14.524
2022-09-30,3320,3326.5,3339.5,3320,14.423
2022-09-29,3325,3330.5,3333,3320,14.423
2022-09-28,3320,3306.5,3328,3295,14.423
2022-09-27,3320,3295,3320,3295,14.423
2022-09-26,3295,3269.5,3306.5,3269.5,14.423
2022-09-23,3295,3298.5,3301,3292.5,14.423
2022-09-22,3295,3270.5,3297.5,3255,14.423
2022-09-21,3255,3265.5,3271,3252.5,14.423
2022-09-20,3255,3268,3271.5,3255,14.423
2022-09-19,3249,3255,3262,3255,14.423
2022-09-16,3235,3246.5,3255,3242.5,14.423
2022-09-15,3245,3240,3249,3240,14.423
2022-09-14,3240,3232.5,3244.5,3230.5,14.423
2022-09-13,3240,3232.5,3243.5,3230.5,14.423
2022-09-12,3220,3233.5,3240.5,3232.5,14.423
2022-09-09,3205,3223.5,3225.5,3223.5,14.423
2022-09-08,3214.5,3230,3230,3214.5,14.423
2022-09-07,3206,3227,3227.5,3214,14.423
2022-09-06,3215,3221,3221,3215,14.423
2022-09-05,3198,3215,3222,3215,14.423
2022-09-02,3215,3223.5,3224,3214,14.423
2022-09-01,3217,3223.5,3224,3215,14.423
2022-08-31,3215,3220,3224,3215,14.531
2022-08-30,3222.5,3223,3224,3221.5,14.531
2022-08-29,3223,3207,3223,3207,14.531
2022-08-26,3220,3207.5,3220,3180,14.531
2022-08-25,3180,3212,3212,3180,14.531
2022-08-24,3185,3212,3212,3185,14.531
2022-08-23,3190,3197.5,3207,3185,14.531
2022-08-22,3187.5,3208,3208,3187.5,14.531
2022-08-19,3192.5,3197.5,3207,3190,14.531
2022-08-18,3192,3199.5,3202.5,3187.5,14.531
2022-08-17,3190,3199,3202.5,3187.5,14.531
2022-08-16,3190,3200.5,3200.5,3190,14.531
2022-08-15,3200.5,3199,3201.5,3192.5,14.531
2022-08-12,3195,3196,3196,3195,14.531
2022-08-11,3196,3192.5,3200,3192.5,14.531
2022-08-10,3195,3194.5,3195,3194.5,14.531
2022-08-09,3195,3179.5,3196,3177,14.531
2022-08-08,3175,3180,3180,3175,14.531
2022-08-05,3179.5,3187.5,3187.5,3177.5,14.531
2022-08-04,3190,3193,3194.5,3190,14.531
2022-08-03,3190,3191,3193,3188.5,14.531
2022-08-02,3190,3169,3197,3164.5,14.531
2022-08-01,3185,3193.5,3195,3185,14.531
2022-07-29,3193.5,3195,3200,3193.5,15.659
2022-07-28,3195,3161.5,3195,3161.5,15.659
2022-07-27,3150,3158.5,3160.5,3158,15.659
2022-07-26,3148,3157,3157,3156.5,15.659
2022-07-25,3147,3151,3155,3151,15.659
2022-07-22,3142,3142.5,3151,3142.5,15.659
2022-07-18,3141,3142.5,3148,3142.5,15.659
2022-07-13,3135,3142.5,3142.5,3142.5,15.659
2022-07-11,3135,3142.5,3142.5,3142.5,15.659
2022-07-08,3135,3140.5,3142.5,3140.5,15.659
2022-07-07,3135,3140.5,3142,3140.5,15.659
2022-07-06,3134,3142,3142,3140.5,15.659
2022-07-05,3130,3150,3150,3150,15.659
2022-06-29,3145,3145,3145,3145,16.075
2022-06-28,3146,3143.5,3146,3143.5,16.075
2022-06-27,3143.5,3134.5,3145,3132.5,16.075
2022-06-24,3139,3139,3139,3139,16.075
2022-06-23,3130,3133,3136,3127.5,16.075
2022-06-22,3130,3134.5,3138,3127.5,16.075
2022-06-21,3125,3135.5,3135.5,3125,16.075
2022-06-17,3130,3130,3130,3130,16.075
2022-06-16,3135,3136,3136,3135,16.075
2022-06-15,3135.5,3135.5,3135.5,3135.5,16.075
2022-06-14,3135,3135,3137.5,3135,16.075
2022-06-13,3135,3135,3137.5,3132.5,16.075
2022-06-10,3130,3130,3130,3130,16.075
2022-06-09,3110,3125,3132.5,3125,16.075
2022-06-07,3130,3130,3130,3130,16.075
2022-06-06,3110,3130,3132.5,3127.5,16.075
2022-06-03,3109,3129.5,3129.5,3129.5,16.075
2022-06-02,3125,3132,3132,3125,16.075
2022-06-01,3130,3130,3132.5,3127.5,16.075
2022-05-31,3125,3117.5,3130.5,3112,15.151
2022-05-30,3114,3119,3119,3119,15.151
2022-05-27,3137.5,3139.5,3142.5,3135,15.151
2022-05-26,3135,3138.5,3139.5,3132.5,15.151
2022-05-25,3136,3135,3136,3135,15.151
2022-05-24,3138.5,3139.5,3142,3135,15.151
2022-05-23,3136.5,3139.5,3142,3135,15.151
2022-05-20,3140,3139.5,3142,3137.5,15.151
2022-05-19,3135,3130,3139,3130,15.151
2022-05-18,3136,3136,3136,3136,15.151
2022-05-17,3132.5,3126,3135,3125,15.151
2022-05-16,3130,3123.5,3131,3122.5,15.151
2022-05-13,3125,3123.5,3126,3122.5,15.151
2022-05-12,3120,3117,3122.5,3116,15.151
2022-05-11,3121.5,3117,3121.5,3117,15.151
2022-05-10,3115,3105,3115,3105,15.151
2022-05-09,3110,3110,3112.5,3107.5,15.151
2022-05-06,3114.5,3106.5,3114.5,3106,15.151
2022-05-05,3105,3102,3108,3102,15.151
2022-05-04,3106,3103.5,3106,3103.5,15.151
2022-05-03,3102.5,3102.5,3106,3102.5,15.151
2022-05-02,3100,3103.5,3106,3100,15.151
2022-04-29,3105,3094.5,3105,3094.5,14.396
2022-04-28,3100,3092,3100,3090,14.396
2022-04-27,3090,3081.5,3092,3081.5,14.396
2022-04-26,3085,3081.5,3086.5,3080,14.396
2022-04-25,3075,3073.5,3080.5,3070,14.396
2022-04-22,3057,3071,3073.5,3067.5,14.396
2022-04-21,3060,3071,3071,3060,14.396
2022-04-20,3064,3064.5,3070,3058.5,14.396
2022-04-19,3055,3062,3064.5,3055,14.396
2022-04-18,3042,3058.5,3061,3052.5,14.396
2022-04-15,3050,3050,3050,3050,14.396
2022-04-14,3030,3052.5,3052.5,3050,14.396
2022-04-13,3045,3043.5,3051,3037.5,14.396
2022-04-12,3018,3032,3039,3030,14.396
2022-04-11,3014,3032,3032,3025,14.396
2022-04-08,3010,3029,3030,3029,14.396
2022-04-07,3025,3010.5,3031,3010,14.396
2022-04-06,3005,3012.5,3025,3002.5,14.396
2022-04-05,3010,2984.5,3010,2980.5,14.396
2022-04-04,2995,2985,2995,2984,14.396
2022-04-01,2975,2942,2980.5,2942,14.396
2022-03-31,2950,2960,2960,2950,14.428
2022-03-30,2955,2955,2955,2955,14.428
2022-03-29,2950,2945,2950,2945,14.428
2022-03-28,2945,2918,2945,2918,14.428
2022-03-25,2940,2918,2940,2918,14.428
2022-03-24,2930,2917,2934.5,2910,14.428
2022-03-23,2930,2930,2930,2930,14.428
2022-03-22,2930,2930,2930,2930,14.428
2022-03-21,2930,2920,2935,2920,14.428
2022-03-18,2920,2920,2920,2920,14.428
2022-03-17,2920,2920.5,2923,2917.5,14.428
2022-03-16,2915,2915,2915,2915,14.428
2022-03-15,2915,2905.5,2918.5,2905.5,14.428
2022-03-14,2905,2902.5,2910,2900.5,14.428
2022-03-11,2902.5,2900,2902.5,2900,14.428
2022-03-10,2900,2901,2906,2895,14.428
2022-03-09,2895,2893,2899,2890,14.428
2022-03-08,2892.5,2888.5,2895.5,2887.5,14.428
2022-03-07,2890,2890,2890,2890,14.428
2022-03-04,2888.5,2870,2890,2867.5,14.428
2022-03-03,2880,2871.5,2886.5,2862.5,14.428
2022-03-02,2894.5,2893.5,2894.5,2887.5,14.428
2022-03-01,2885,2890,2893.5,2885,14.428
2022-02-28,2890,2886.5,2892.5,2885,14.198
2022-02-25,2887.5,2886.5,2889,2885,14.198
2022-02-24,2880,2883.5,2886,2877.5,14.198
2022-02-23,2880,2880.5,2883,2877.5,14.198
2022-02-22,2875,2877.5,2880,2872.5,14.198
2022-02-18,2875,2878,2878,2875,14.198
2022-02-17,2872.5,2879,2879,2872.5,14.198
2022-02-16,2879.5,2875,2879.5,2875,14.198
2022-02-15,2873.5,2877,2879.5,2870,14.198
2022-02-14,2875.5,2874.5,2876,2874.5,14.198
2022-02-11,2872.5,2875.5,2875.5,2872.5,14.198
2022-02-10,2870,2870,2870,2870,14.198
2022-02-09,2875,2875,2877.5,2872.5,14.198
2022-02-08,2870,2872.5,2875,2867.5,14.198
2022-02-07,2870,2872,2872,2870,14.198
2022-02-04,2870.5,2870,2870.5,2870,14.198
2022-02-03,2868,2869.5,2869.5,2865,14.198
2022-02-02,2866,2869.5,2869.5,2862.5,14.198
2022-02-01,2865,2865,2865,2865,14.198
2022-01-31,2865.5,2860,2867,2841,14.595
2022-01-28,2840,2849.5,2863.5,2846,14.595
2022-01-27,2870,2867.5,2873.5,2865,14.595
2022-01-26,2867.5,2863.5,2871,2860,14.595
2022-01-25,2865,2867.5,2871,2860,14.595
2022-01-24,2864.5,2866,2866,2864.5,14.595
2022-01-21,2860,2866,2866,2860,14.595
2022-01-20,2860,2865,2867.5,2860,14.595
2022-01-19,2865.5,2862.5,2868,2860,14.595
2022-01-18,2863,2868,2868.5,2860,14.595
2022-01-14,2860,2855,2862.5,2855,14.595
2022-01-13,2863,2868.5,2871,2860,14.595
2022-01-12,2868,2865,2871,2862.5,14.595
2022-01-11,2867.5,2868.5,2871,2862.5,14.595
2022-01-10,2865,2866,2868.5,2860,14.595
2022-01-07,2864,2867.5,2867.5,2864,14.595
2022-01-06,2860,2867.5,2867.5,2860,14.595
2022-01-05,2866,2865.5,2868,2862.5,14.595
2022-01-04,2860,2865,2868.5,2857.5,14.595
2022-01-03,2865,2863.5,2868.5,2857.5,14.595
2021-12-31,2860,2862,2866,2857.5,13.439
2021-12-30,2862,2868.5,2871,2855,13.439
2021-12-29,2868.5,2867.5,2870,2862.5,13.439
2021-12-28,2865,2868.5,2868.5,2860,13.439
2021-12-27,2865,2866,2868.5,2862.5,13.439
2021-12-24,2860,2866.5,2866.5,2860,13.439
2021-12-23,2865,2864.5,2866,2860,13.439
2021-12-22,2860,2867.5,2867.5,2860,13.439
2021-12-21,2865.5,2863.5,2871,2857.5,13.439
2021-12-20,2860,2863.5,2871,2852.5,13.439
2021-12-17,2861,2862,2862,2855,13.439
2021-12-16,2861.5,2866,2871,2855,13.439
2021-12-15,2860,2870.5,2870.5,2860,13.439
2021-12-14,2867,2868.5,2871,2862.5,13.439
2021-12-13,2869,2862,2869,2862,13.439
2021-12-10,2862,2863.5,2863.5,2860,13.439
2021-12-09,2860,2865.5,2865.5,2860,13.439
2021-12-08,2861.5,2866,2868,2857.5,13.439
2021-12-07,2865,2859,2868,2859,13.439
2021-12-06,2859,2861.5,2864,2852.5,13.439
2021-12-03,2858,2860.5,2863,2852.5,13.439
2021-12-02,2858.5,2860.5,2863,2852.5,13.439
2021-12-01,2857,2865,2865,2850,13.439
2021-11-30,2865.5,2863,2865.5,2857.5,10.479
2021-11-29,2862.5,2861,2863.5,2852.5,10.479
2021-11-26,2840,2861,2863.5,2852.5,10.479
2021-11-25,2850,2852.5,2852.5,2850,10.479
2021-11-24,2863.5,2855,2863.5,2855,10.479
2021-11-23,2850,2858.5,2863.5,2847.5,10.479
2021-11-22,2834,2860.5,2865.5,2850,10.479
2021-11-19,2839,2861,2861,2859.5,10.479
2021-11-18,2855,2858.5,2858.5,2850,10.479
2021-11-17,2858,2863,2863,2852.5,10.479
2021-11-16,2850,2863,2863,2850,10.479
2021-11-15,2855,2855,2855,2855,10.479
2021-11-12,2838,2863,2863.5,2855,10.479
2021-11-10,2850,2863,2863,2850,10.479
2021-11-09,2858,2863.5,2863.5,2855,10.479
2021-11-08,2860,2862,2862,2855,10.479
2021-11-05,2859.5,2860.5,2860.5,2855,10.479
2021-11-04,2861.5,2863.5,2863.5,2855,10.479
2021-11-03,2859.5,2860.5,2863.5,2855,10.479
2021-11-02,2841,2862,2864,2855,10.479
2021-11-01,2862,2860,2863.5,2855,10.479
2021-10-29,2861,2863.5,2863.5,2860,9.655
2021-10-28,2855,2865,2865,2855,9.655
2021-10-27,2855,2862.5,2862.5,2855,9.655
2021-10-26,2855,2863.5,2863.5,2855,9.655
2021-10-25,2861.5,2863.5,2863.5,2855,9.655
2021-10-22,2861.5,2852.5,2862,2850,9.655
2021-10-21,2862,2854.5,2863.5,2854.5,9.655
2021-10-20,2855,2855,2855,2855,9.655
2021-10-19,2854,2851.5,2863,2850,9.655
2021-10-18,2855,2853,2856,2850,9.655
2021-10-15,2853.5,2848.5,2855,2846.5,9.655
2021-10-14,2847.5,2850,2853.5,2844,9.655
2021-10-13,2850,2854.5,2856,2849.5,9.655
2021-10-12,2853,2855.5,2860.5,2852.5,9.655
2021-10-08,2855,2855.5,2856.5,2854,9.655
2021-10-07,2855.5,2855,2855.5,2855,9.655
2021-10-06,2855,2852.5,2864.5,2852.5,9.655
2021-10-05,2855,2855.5,2860,2853,9.655
2021-10-04,2850,2861,2861.5,2850,9.655
2021-10-01,2857.5,2857,2857.5,2857,9.655
2021-09-30,2855,2855,2862.5,2855,9.558
2021-09-29,2858.5,2862.5,2863,2858,9.558
2021-09-28,2855,2866,2867,2855,9.558
2021-09-27,2856,2852.5,2859.5,2848.5,9.558
2021-09-24,2850,2852.5,2854,2848.5,9.558
2021-09-23,2852.5,2852.5,2855.5,2846,9.558
2021-09-22,2855,2852.5,2858.5,2847,9.558
2021-09-21,2853,2852.5,2858,2847.5,9.558
2021-09-20,2854,2860.5,2861,2850,9.558
2021-09-17,2848.5,2849.5,2851.5,2848,9.558
2021-09-16,2850,2855,2856,2850,9.558
2021-09-15,2854,2852.5,2859.5,2850,9.558
2021-09-14,2857,2859,2859.5,2855,9.558
2021-09-13,2852,2857,2859,2850,9.558
2021-09-10,2837,2856,2856.5,2855,9.558
2021-09-09,2835,2855.5,2856,2853,9.558
2021-09-08,2846.5,2850.5,2851,2846,9.558
2021-09-07,2844,2851,2853.5,2841.5,9.558
2021-09-02,2839,2851,2851,2851,9.558
2021-09-01,2830,2849.5,2850.5,2845,9.558
2021-08-31,2839,2849.5,2849.5,2849.5,8.884
2021-08-30,2828,2848,2852,2839.5,8.884
2021-08-27,2855.5,2860.5,2862,2854,8.884
2021-08-26,2853,2859.5,2859.5,2850,8.884
2021-08-25,2854.5,2861,2863,2851.5,8.884
2021-08-24,2854,2858,2858.5,2850,8.884
2021-08-23,2855,2858.5,2859,2855,8.884
2021-08-20,2855,2862,2863,2855,8.884
2021-08-19,2855,2861,2863.5,2852.5,8.884
2021-08-18,2855,2863,2863.5,2855,8.884
2021-08-17,2858.5,2857,2862.5,2852.5,8.884
2021-08-16,2855,2857,2861.5,2855,8.884
2021-08-13,2855,2855,2858.5,2855,8.884
2021-08-12,2855,2861,2862.5,2853.5,8.884
2021-08-11,2849,2848.5,2859,2838.5,8.884
2021-08-10,2830,2848,2852.5,2840.5,8.884
2021-08-09,2850,2852.5,2859,2850,8.884
2021-08-06,2855,2861,2861,2855,8.884
2021-08-05,2852.5,2863,2863.5,2851,8.884
2021-08-04,2850,2850,2852.5,2847.5,8.884
2021-08-02,2850,2850,2850,2850,8.884
2021-07-30,2863,2863.5,2864,2862.5,7.383
2021-07-29,2856,2850,2863,2850,7.383
2021-07-28,2850,2850,2856,2848.5,7.383
2021-07-27,2850,2850,2850,2850,7.383
2021-07-26,2850,2850,2850,2850,7.383
2021-07-23,2853,2861.5,2862,2850,7.383
2021-07-22,2859.5,2859.5,2859.5,2859.5,7.383
2021-07-21,2855,2855,2855,2855,7.383
2021-07-20,2850,2850,2850,2850,7.383
2021-07-19,2850,2850,2850,2850,7.383
2021-07-15,2850,2850,2850,2850,7.383
2021-07-14,2850,2850,2852.5,2847.5,7.383
2021-07-13,2850,2855,2857.5,2850,7.383
2021-07-12,2856,2856.5,2857,2855.5,7.383
2021-07-09,2849,2854.5,2856,2847.5,7.383
2021-07-08,2850,2860,2863,2850,7.383
2021-07-07,2852.5,2852.5,2852.5,2852.5,7.383
2021-07-06,2845,2859.5,2861.5,2845,7.383
2021-07-05,2857.5,2860,2860,2857.5,7.383
2021-07-02,2850,2856,2856,2850,7.383
2021-07-01,2850,2853.5,2863,2845,7.383
2021-06-30,2853.5,2855,2860,2847.5,6.551
2021-06-29,2850,2850,2862.5,2850,6.551
2021-06-28,2854,2860.5,2862.5,2850,6.551
2021-06-25,2858.5,2861.5,2861.5,2850,6.551
2021-06-24,2860,2861,2862.5,2847.5,6.551
2021-06-23,2851.5,2847.5,2863.5,2847.5,6.551
2021-06-22,2855.5,2860.5,2861,2850,6.551
2021-06-21,2839,2850,2860,2850,6.551
2021-06-17,2850,2862.5,2862.5,2850,6.551
2021-06-16,2850,2861,2865,2847.5,6.551
2021-06-15,2848,2850,2851,2844.5,6.551
2021-06-14,2853,2856,2862,2850,6.551
2021-06-11,2850,2850,2861,2850,6.551
2021-06-09,2855,2857,2857.5,2850,6.551
2021-06-08,2857,2854.5,2862.5,2853.5,6.551
2021-06-07,2854.5,2848.5,2861,2847,6.551
2021-06-04,2845,2850,2857.5,2845,6.551
2021-06-03,2857.5,2863,2864.5,2856,6.551
2021-06-02,2860,2847.5,2862.5,2847.5,6.551
2021-06-01,2848,2857.5,2858,2847.5,6.551
2021-05-31,2859,2856.5,2864,2853.5,6.193
2021-05-28,2850,2857.5,2861.5,2842.5,6.193
2021-05-27,2839,2850,2859.5,2842.5,6.193
2021-05-26,2850,2853,2855,2847.5,6.193
2021-05-25,2850,2848,2863.5,2836,6.193
2021-05-24,2851.5,2857.5,2860.5,2848,6.193
2021-05-21,2851.5,2852.5,2853,2850,6.193
2021-05-20,2850,2859,2860.5,2850,6.193
2021-05-19,2850,2857.5,2860.5,2845,6.193
2021-05-18,2857.5,2858,2860,2842.5,6.193
2021-05-17,2852.5,2858,2858,2845,6.193
2021-05-14,2853,2847.5,2859.5,2845,6.193
2021-05-13,2850,2848.5,2862.5,2833.5,6.193
2021-05-12,2847.5,2847.5,2860,2847.5,6.193
2021-05-11,2839.5,2847.5,2852.5,2839.5,6.193
2021-05-10,2853.5,2853.5,2861,2840,6.193
2021-05-07,2853.5,2847.5,2863.5,2833.5,6.193
2021-05-06,2850,2847.5,2860.5,2842,6.193
2021-05-05,2847.5,2846.5,2850.5,2840.5,6.193
2021-05-04,2845,2852.5,2853,2842.5,6.193
2021-05-03,2845,2857,2859,2840,6.193
2021-04-30,2837,2854,2858,2845,5.573
2021-04-29,2850,2847.5,2854,2845,5.573
2021-04-28,2845,2849,2851.5,2844.5,5.573
2021-04-27,2850,2849,2851,2845,5.573
2021-04-26,2845,2857,2857,2845,5.573
2021-04-23,2850,2846.5,2854,2845,5.573
2021-04-22,2850,2850,2851.5,2845,5.573
2021-04-21,2846.5,2847.5,2858,2845,5.573
2021-04-20,2845,2848.5,2858.5,2845,5.573
2021-04-19,2850,2849.5,2851,2845,5.573
2021-04-16,2850,2847.5,2854.5,2845,5.573
2021-04-15,2850,2855,2857,2845,5.573
2021-04-14,2845,2848.5,2860,2836,5.573
2021-04-13,2850,2853.5,2853.5,2845,5.573
2021-04-12,2850,2847.5,2856.5,2842.5,5.573
2021-04-09,2830,2850.5,2851,2847,5.573
2021-04-08,2837,2846.5,2851.5,2846.5,5.573
2021-04-07,2833,2848.5,2852.5,2842.5,5.573
2021-04-06,2839,2860,2860,2860,5.573
2021-04-05,2838,2853,2859.5,2853,5.573
2021-04-02,2852,2847.5,2858,2845,5.573
2021-04-01,2835,2861,2861,2850,5.573
2021-03-31,2850,2852.5,2861,2850,2.469
2021-03-30,2850,2853.5,2855,2845,2.469
2021-03-29,2850,2855,2857,2845,2.469
2021-03-26,2845,2852.5,2853,2845,2.469
2021-03-25,2853,2850,2855.5,2847.5,2.469
2021-03-24,2850,2852.5,2860.5,2845,2.469
2021-03-23,2835,2854.5,2857.5,2845,2.469
2021-03-22,2845,2855,2857,2845,2.469
2021-03-19,2845,2855.5,2858.5,2845,2.469
2021-03-18,2845,2847.5,2857,2845,2.469
2021-03-17,2850,2847.5,2850,2845,2.469
2021-03-16,2845,2851,2851,2845,2.469
2021-03-15,2839,2854.5,2855.5,2854.5,2.469
2021-03-12,2847.5,2847.5,2853,2842,2.469
2021-03-11,2850,2852.5,2857,2847.5,2.469
2021-03-10,2855,2853.5,2857,2847.5,2.469
2021-03-09,2833,2847.5,2859,2845,2.469
2021-03-08,2850,2854.5,2859,2845,2.469
2021-03-05,2838,2852.5,2859,2847.5,2.469
2021-03-04,2850,2852.5,2862.5,2836,2.469
2021-03-03,2850,2847.5,2859.5,2845,2.469
2021-03-02,2845,2857,2857.5,2845,2.469
2021-03-01,2850,2855,2857,2836.5,2.469
2021-02-26,2845,2855,2855,2845,2.58
2021-02-25,2845,2852.5,2852.5,2845,2.58
2021-02-24,2850,2852.5,2852.5,2847.5,2.58
2021-02-23,2850,2847.5,2859,2847.5,2.58
2021-02-22,2850,2859.5,2860.5,2847.5,2.58
2021-02-19,2850,2850,2860.5,2847.5,2.58
2021-02-18,2850,2847.5,2858.5,2845,2.58
2021-02-17,2850,2855,2859.5,2850,2.58
2021-02-16,2855,2856,2856.5,2850,2.58
2021-02-15,2854,2854,2854,2854,2.58
2021-02-12,2850,2847.5,2858.5,2847.5,2.58
2021-02-11,2850,2852.5,2859.5,2842.5,2.58
2021-02-10,2850,2852.5,2855,2850,2.58
2021-02-09,2855,2852,2865,2838.5,2.58
2021-02-08,2853,2851,2858.5,2850,2.58
2021-02-05,2851,2852.5,2860,2847.5,2.58
2021-02-04,2850,2855,2860,2847.5,2.58
2021-02-03,2850,2860,2860,2850,2.58
2021-02-02,2855,2852.5,2863,2851,2.58
2021-02-01,2855,2860,2860,2850,2.58
2021-01-29,2850,2852.5,2860,2847,2.365
2021-01-28,2855,2847.5,2860,2846.5,2.365
2021-01-27,2850.5,2852.5,2860,2848.5,2.365
2021-01-26,2835,2857.5,2863.5,2850.5,2.365
2021-01-25,2854.5,2848.5,2863.5,2839.5,2.365
2021-01-22,2858,2852.5,2864.5,2847.5,2.365
2021-01-21,2855,2860,2860,2855,2.365
2021-01-20,2855,2859.5,2861.5,2851.5,2.365
2021-01-19,2855,2859.5,2864.5,2850.5,2.365
2021-01-15,2850,2860,2860,2850,2.365
2021-01-14,2850,2861.5,2866,2850,2.365
2021-01-13,2850,2859,2869,2849,2.365
2021-01-12,2860,2870,2870.5,2859,2.365
2021-01-11,2859.5,2865,2868,2845,2.365
2021-01-08,2855,2847.5,2863.5,2837,2.365
2021-01-07,2837.5,2848.25,2869.5,2825.25,2.365
2021-01-06,2850,2845,2850,2845,2.365
2021-01-05,2840,2847.5,2849,2839.5,2.365
2021-01-04,2847.5,2855,2858,2847,2.365
2020-12-31,2847.5,2855,2859.5,2847.5,2.277
2020-12-30,2859,2855,2861,2855,2.277
2020-12-29,2855,2854.5,2858.5,2850,2.277
2020-12-28,2860.5,2854,2868.5,2854,2.277
2020-12-24,2855,2857.5,2863,2850,2.277
2020-12-23,2860,2861,2872,2855,2.277
2020-12-22,2862,2850,2872,2850,2.277
2020-12-21,2851.5,2856.5,2858.5,2847,2.277
2020-12-18,2850,2869,2870.5,2850,2.277
2020-12-17,2855,2869,2872,2854.5,2.277
2020-12-16,2862.5,2859,2862.5,2843,2.277
2020-12-15,2840,2847.5,2855,2840,2.277
2020-12-14,2850,2863,2866,2850,2.277
2020-12-11,2849,2861,2870,2850,2.277
2020-12-10,2853,2862,2866,2849,2.277
2020-12-09,2855,2853,2863.5,2853,2.277
2020-12-08,2850,2850,2858,2847.5,2.277
2020-12-07,2858,2851.5,2863.5,2849.5,2.277
2020-12-04,2845,2849.5,2860,2845,2.277
2020-12-03,2849.5,2840,2860.5,2840,2.277
2020-12-02,2841.5,2837.5,2868,2826,2.277
2020-12-01,2840,2850,2863,2837.5,2.277
2020-11-30,2858.5,2864.5,2865,2858,3.496
2020-11-27,2848,2852.5,2856,2844.5,3.496
2020-11-26,2835,2834,2835,2834,3.496
2020-11-25,2838,2832.5,2856,2832.5,3.496
2020-11-24,2837.5,2858,2858.5,2837.5,3.496
2020-11-23,2840,2837.5,2862,2832.5,3.496
2020-11-20,2840,2842.5,2851.5,2835,3.496
2020-11-19,2845,2842.5,2848,2828,3.496
2020-11-18,2840,2827.5,2840,2823,3.496
2020-11-17,2827.5,2832.5,2835,2823,3.496
2020-11-16,2830,2836.5,2842,2825,3.496
2020-11-13,2840,2835,2859.5,2835,3.496
2020-11-12,2834,2838,2844,2830,3.496
2020-11-11,2840,2849.5,2852,2837.5,3.496
2020-11-10,2840,2857.5,2864,2832.5,3.496
2020-11-09,2832.5,2829.5,2847,2828.5,3.496
2020-11-06,2825,2827,2831,2824.5,3.496
2020-11-05,2829,2841,2841,2825,3.496
2020-11-04,2830.5,2849.5,2849.5,2829,3.496
2020-11-03,2830,2842.5,2842.5,2830,3.496
2020-11-02,2845,2857.5,2858.5,2839,3.496
2020-10-30,2847,2847.5,2862.5,2842.5,2.438
2020-10-29,2852.5,2866.5,2866.5,2849.5,2.438
2020-10-28,2855,2864,2866,2853,2.438
2020-10-27,2852.5,2853,2865,2851,2.438
2020-10-26,2858.5,2859,2866,2850.5,2.438
2020-10-23,2835,2835,2847.5,2827.5,2.438
2020-10-22,2835,2842.5,2847.5,2833.5,2.438
2020-10-21,2843.5,2837.5,2846,2833,2.438
2020-10-20,2835,2836,2843,2825,2.438
2020-10-19,2825,2835,2846.5,2822.5,2.438
2020-10-16,2835,2844,2844.5,2830,2.438
2020-10-15,2830,2844,2846.5,2830,2.438
2020-10-14,2846,2842.5,2866,2841.5,2.438
2020-10-13,2848,2853,2872.5,2833,2.438
2020-10-09,2849.5,2866.5,2868.5,2847.5,2.438
2020-10-08,2845,2858,2861.5,2845,2.438
2020-10-07,2850,2867,2870.5,2850,2.438
2020-10-06,2867,2856,2872,2852,2.438
2020-10-05,2857,2867,2868,2855.5,2.438
2020-10-02,2849.5,2853.5,2858,2845,2.438
2020-10-01,2856,2850,2867,2845,2.438
2020-09-30,2855,2860,2860,2855,1.721
2020-09-29,2836,2887.5,2893,2846.5,1.721
2020-09-28,2890,2882.5,2892,2865.5,1.721
2020-09-25,2882.5,2881,2886.5,2877,1.721
2020-09-24,2880,2874,2880,2871,1.721
2020-09-23,2867.5,2874,2876.5,2865,1.721
2020-09-22,2870,2875.5,2876.5,2869.5,1.721
2020-09-21,2873,2872.5,2878,2867.5,1.721
2020-09-18,2867.5,2862.5,2875,2862.5,1.721
2020-09-16,2862.5,2865,2867,2860.5,1.721
2020-09-15,2860,2862.5,2869.5,2856,1.721
2020-09-14,2857,2850.5,2864,2848.5,1.721
2020-09-11,2860,2857.5,2863,2853.5,1.721
2020-09-10,2857.5,2864,2870.5,2841,1.721
2020-09-09,2837.5,2841.5,2855,2827,1.721
2020-09-08,2845,2852.25,2877,2832.75,1.721
2020-09-04,2870,2866,2872.5,2862,1.721
2020-09-03,2889,2890.5,2891.5,2887.5,1.721
2020-09-01,2884,2884,2885,2883,1.721
2020-08-31,2882,2828,2882,2882,2.136
2020-08-28,2884.5,2882.5,2889,2882.5,2.136
2020-08-27,2885,2885,2885,2885,2.136
2020-08-26,2883.5,2885.5,2886,2883,2.136
2020-08-25,2883.5,2883.5,2883.5,2883.5,2.136
2020-08-24,2881.5,2881.5,2881.5,2881.5,2.136
2020-08-21,2879.5,2882,2882.5,2879,2.136
2020-08-20,2877.5,2878,2879.5,2875,2.136
2020-08-19,2878,2874.5,2880.5,2874.5,2.136
2020-08-18,2873,2872.5,2875,2869,2.136
2020-08-17,2873,2871.5,2875.5,2868.5,2.136
2020-08-13,2866.5,2866.5,2866.5,2866.5,2.136
2020-08-11,2865,2864,2870.5,2862.5,2.136
2020-08-10,2864,2844,2867,2842.5,2.136
2020-08-07,2855,2842.5,2855,2842,2.136
2020-08-06,2844,2835.5,2847,2833.5,2.136
2020-08-05,2818,2846,2867.5,2833.5,2.136
2020-08-04,2864.5,2864.5,2864.5,2864.5,2.136
2020-08-03,2853,2866,2867.5,2848.5,2.136
2020-07-31,2854.5,2847.5,2858.5,2847.5,3.442
2020-07-30,2845,2852.5,2865,2842.5,3.442
2020-07-29,2853.5,2846,2858.5,2842.5,3.442
2020-07-28,2850,2835.5,2854,2835.5,3.442
2020-07-27,2835,2837.5,2838,2834.5,3.442
2020-07-23,2837.5,2837.5,2837.5,2837.5,3.442
2020-07-21,2835.5,2837.5,2837.5,2834,3.442
2020-07-20,2835,2834.5,2835,2834.5,3.442
2020-07-17,2833.5,2834.5,2835,2833.5,3.442
2020-07-16,2833,2833,2833,2833,3.442
2020-07-15,2833,2833,2833,2833,3.442
2020-07-14,2834,2833,2835,2832,3.442
2020-07-13,2831,2831,2831,2831,3.442
2020-07-10,2831,2831,2831,2831,3.442
2020-07-09,2829,2826.5,2829,2826.5,3.442
2020-07-08,2826.5,2831.5,2851.5,2807.5,3.442
2020-07-07,2828,2824,2833,2822,3.442
2020-07-06,2828,2828.5,2830.5,2821.5,3.442
2020-07-03,2826,2823,2826,2823,3.442
2020-07-02,2829,2830,2836,2828,3.442
2020-07-01,2831.5,2830,2831.5,2830,3.442
2020-06-30,2828.5,2826.5,2831.5,2822.5,3.047
2020-06-29,2825,2820.5,2827.5,2816,3.047
2020-06-26,2825,2822.5,2825,2819.5,3.047
2020-06-25,2822.5,2818,2824.5,2816.5,3.047
2020-06-24,2819,2820,2823,2814,3.047
2020-06-23,2816,2816.5,2821.5,2808.5,3.047
2020-06-22,2818,2816,2820,2811,3.047
2020-06-19,2817,2822.5,2823.5,2814,3.047
2020-06-18,2821,2818,2825,2814,3.047
2020-06-17,2816,2816,2825,2810,3.047
2020-06-16,2805,2802.5,2811,2794.5,3.047
2020-06-15,2801.5,2814.5,2821,2797.5,3.047
2020-06-12,2810,2809.5,2817.5,2809,3.047
2020-06-11,2810,2809,2824,2805.5,3.047
2020-06-10,2807.5,2810.5,2812.5,2805,3.047
2020-06-09,2807.5,2812.5,2823.5,2803,3.047
2020-06-08,2809.5,2806.5,2821,2801,3.047
2020-06-05,2806.5,2811.5,2815.5,2801,3.047
2020-06-04,2812.5,2810,2816.5,2809.5,3.047
2020-06-03,2812,2812.5,2817,2809,3.047
2020-06-02,2809.5,2815,2815.5,2807,3.047
2020-06-01,2813,2812.5,2816.5,2809,3.047
2020-05-29,2818.5,2812.5,2819,2806,3.374
2020-05-28,2812.5,2815,2815.5,2812,3.374
2020-05-27,2811.5,2812,2818.5,2807.5,3.374
2020-05-26,2811.5,2810.5,2818.5,2803.5,3.374
2020-05-22,2810,2806,2818.5,2797,3.374
2020-05-21,2802,2802.5,2809,2794.5,3.374
2020-05-20,2804.5,2809.5,2813.5,2797.5,3.374
2020-05-19,2810,2806.5,2814,2795,3.374
2020-05-18,2805,2805,2805,2805,3.374
2020-05-15,2804,2805.5,2809,2799.5,3.374
2020-05-14,2806.5,2805.5,2810.5,2801.5,3.374
2020-05-13,2804,2811,2815,2802,3.374
2020-05-12,2812,2812.5,2822,2801,3.374
2020-05-11,2811.5,2802,2819,2801.5,3.374
2020-05-08,2806,2811,2813.5,2802,3.374
2020-05-07,2807,2801.5,2813,2789.5,3.374
2020-05-06,2801,2805,2805,2798.5,3.374
2020-05-05,2804,2804,2811.5,2799.5,3.374
2020-05-04,2802,2800.5,2808.5,2785,3.374
2020-05-01,2803,2803.5,2804.5,2785,3.374
2020-04-30,2799.5,2786,2802.5,2780,4.696
2020-04-29,2781,2790.5,2800.5,2779,4.696
2020-04-28,2788,2788,2794,2784,4.696
2020-04-27,2788,2796.5,2797,2784.5,4.696
2020-04-24,2800.5,2784,2809,2766,4.696
2020-04-23,2792.5,2782.5,2795.5,2778.5,4.696
2020-04-22,2778,2784.5,2786,2775,4.696
2020-04-21,2780.5,2776.5,2784,2776.5,4.696
2020-04-20,2776,2777,2782.5,2774.5,4.696
2020-04-17,2778,2785,2787,2775,4.696
2020-04-16,2780.5,2785.5,2786.5,2770.5,4.696
2020-04-15,2783,2785,2788,2777,4.696
2020-04-14,2772.5,2772.5,2782,2767.5,4.696
2020-04-13,2771,2777,2779.5,2769.5,4.696
2020-04-10,2780,2786.5,2787.5,2777.5,4.696
2020-04-09,2787.5,2782.5,2787.5,2781.5,4.696
2020-04-08,2783.5,2776.5,2787.5,2774.5,4.696
2020-04-07,2780,2775,2782,2771,4.696
2020-04-06,2775.5,2777,2778,2774.5,4.696
2020-04-03,2780.5,2777,2787,2773,4.696
2020-04-02,2785,2778,2799.5,2755.5,4.696
2020-04-01,2777,2782.5,2785,2772.5,4.696
2020-03-31,2785,2787.5,2791.5,2784.5,6.362
2020-03-30,2785,2785,2786.5,2775,6.362
2020-03-27,2774.5,2776.5,2785,2773,6.362
2020-03-26,2780,2787.5,2788.5,2769.5,6.362
2020-03-25,2785,2793,2795,2779,6.362
2020-03-24,2779,2783,2784,2777,6.362
2020-03-23,2780,2780,2780,2780,6.362
2020-03-20,2785,2772.5,2785,2767.5,6.362
2020-03-19,2769,2773,2776,2767.5,6.362
2020-03-18,2775.5,2756.5,2779.5,2754,6.362
2020-03-17,2760,2774,2775,2750,6.362
2020-03-16,2750,2750,2750,2750,6.362
2020-03-13,2750,2750,2750,2750,6.362
2020-03-12,2750,2750,2750,2750,6.362
2020-03-11,2750,2753.5,2754,2749.5,6.362
2020-03-10,2749,2750,2750.5,2748.5,6.362
2020-03-09,2758,2758,2758,2758,6.362
2020-03-06,2758,2756.5,2760,2754.5,6.362
2020-03-05,2760,2750,2766,2747.5,6.362
2020-03-04,2755,2752,2755,2752,6.362
2020-03-03,2751.5,2750,2775,2739.5,6.362
2020-03-02,2750,2750,2750,2750,6.362
2020-02-28,2750,2750,2750,2750,6.353
2020-02-27,2760,2772,2774,2758,6.353
2020-02-26,2755,2752.5,2755,2746,6.353
2020-02-25,2750,2750,2750,2750,6.353
2020-02-24,2751.5,2750,2755.5,2750,6.353
2020-02-21,2753,2753,2753,2753,6.353
2020-02-20,2753,2755,2755,2750,6.353
2020-02-19,2754.5,2760,2762,2752,6.353
2020-02-18,2740,2748.5,2752,2739,6.353
2020-02-17,2752,2752,2752,2752,6.353
2020-02-14,2746.5,2750,2750.5,2746,6.353
2020-02-13,2740,2750,2750,2740,6.353
2020-02-12,2740,2740,2740,2740,6.353
2020-02-11,2740,2740,2740,2740,6.353
2020-02-10,2741.5,2745,2745.5,2741,6.353
2020-02-07,2730,2730,2730,2730,6.353
2020-02-06,2735.5,2752,2760.5,2727,6.353
2020-02-05,2751.5,2745,2755.5,2740,6.353
2020-02-04,2746.5,2749.5,2751,2743.5,6.353
2020-02-03,2745.5,2749,2749.5,2745,6.353
2020-01-31,2746.5,2749.5,2752,2743.5,5.586
2020-01-30,2745,2751,2752.5,2742.5,5.586
2020-01-29,2750,2742.5,2753.5,2742.5,5.586
2020-01-28,2744.5,2752.5,2760.5,2743.5,5.586
2020-01-27,2750,2753,2756,2750,5.586
2020-01-24,2755,2760,2760.5,2753.5,5.586
2020-01-23,2760,2763,2767.5,2753,5.586
2020-01-22,2755,2738.5,2765,2738.5,5.586
2020-01-21,2755,2755,2755,2755,5.586
2020-01-20,2757,2757,2757,2757,5.586
2020-01-17,2741.5,2741.5,2741.5,2741.5,5.586
2020-01-16,2741.5,2737.5,2746.5,2735.5,5.586
2020-01-15,2738.5,2742.5,2748.5,2733.5,5.586
2020-01-14,2742,2733.5,2748.5,2733.5,5.586
2020-01-13,2746,2730,2746,2730,5.586
2020-01-10,2722.5,2738.5,2755,2712.5,5.586
2020-01-09,2745,2752.5,2755,2742.5,5.586
2020-01-08,2746.5,2742.5,2750.5,2733.5,5.586
2020-01-07,2741,2728,2748,2727.5,5.586
2020-01-06,2741.5,2738,2745.5,2734.5,5.586
2020-01-03,2730,2730,2736.5,2722.5,5.586
2020-01-02,2726.5,2728,2731.5,2723,5.586
2020-01-01,2735,2735,2735,2735,5.586
2019-12-31,2735,2735,2735,2735,5.231
2019-12-30,2733,2731.5,2733,2731.5,5.231
2019-12-27,2721.5,2721.5,2721.5,2721.5,5.231
2019-12-26,2721.5,2728,2729.5,2720,5.231
2019-12-25,2730,2730,2730,2730,5.231
2019-12-24,2730,2730,2730,2730,5.231
2019-12-23,2721.5,2725,2725.5,2721,5.231
2019-12-20,2725,2721.45,2743.4,2721.45,5.231
2019-12-19,2721.45,2724.25,2724.85,2720.85,5.231
2019-12-18,2724.5,2724.5,2724.5,2724.5,5.231
2019-12-17,2724.5,2724.5,2724.5,2724.5,5.231
2019-12-16,2724.5,2735,2736.5,2723,5.231
2019-12-13,2725,2720,2726,2720,5.231
2019-12-12,2715,2719.5,2721,2715,5.231
2019-12-11,2719.5,2720,2721,2718.5,5.231
2019-12-10,2719.5,2719.5,2722.5,2716.5,5.231
2019-12-09,2715,2720.5,2729,2706.5,5.231
2019-12-06,2720,2723.5,2728,2713,5.231
2019-12-05,2706,2702.5,2723,2702.5,5.231
2019-12-04,2706,2714,2716,2690,5.231
2019-12-03,2698,2690,2710,2690,5.231
2019-12-02,2698,2693.5,2701,2690,5.231
2019-11-29,2690,2690,2705,2690,5.228
2019-11-28,2697.5,2697.5,2697.5,2697.5,5.228
2019-11-27,2697.5,2695,2697.5,2690,5.228
2019-11-26,2696.5,2690,2700.5,2690,5.228
2019-11-25,2697.5,2690,2697.5,2690,5.228
2019-11-22,2695,2697,2697,2690,5.228
2019-11-21,2700,2690,2700,2690,5.228
2019-11-20,2690,2690,2690,2690,5.228
2019-11-19,2691.5,2701,2701,2690,5.228
2019-11-18,2695.5,2690,2701,2690,5.228
2019-11-15,2696.5,2682.5,2702.5,2682.5,5.228
2019-11-14,2690,2675,2690,2675,5.228
2019-11-13,2693.5,2693.5,2693.5,2693.5,5.228
2019-11-12,2690,2690,2695,2690,5.228
2019-11-11,2690,2695,2695,2685,5.228
2019-11-08,2695,2690,2697.5,2688,5.228
2019-11-07,2690,2690,2695,2684.5,5.228
2019-11-06,2695,2690,2695,2688,5.228
2019-11-05,2690,2685,2690,2685,5.228
2019-11-04,2695,2685,2695,2685,5.228
2019-11-01,2685,2685,2685,2685,5.228
2019-10-31,2685,2665,2685,2665,7.595
2019-10-30,2660,2675,2675,2660,7.595
2019-10-29,2665,2670,2671.5,2661,7.595
2019-10-28,2671.5,2683.5,2683.5,2665,7.595
2019-10-25,2675,2683.5,2685,2661,7.595
2019-10-24,2665,2672.5,2683.5,2665,7.595
2019-10-23,2672.5,2683.5,2684.5,2667.5,7.595
2019-10-22,2658.5,2658.5,2658.5,2658.5,7.595
2019-10-21,2658.5,2683.5,2683.5,2655,7.595
2019-10-18,2660,2683.5,2684,2660,7.595
2019-10-17,2660.5,2675,2683.5,2659.5,7.595
2019-10-16,2680,2683.5,2685,2670,7.595
2019-10-15,2660.5,2683.5,2683.5,2659.5,7.595
2019-10-14,2670,2670,2670,2670,7.595
2019-10-11,2670,2683.5,2684,2669.5,7.595
2019-10-10,2660.5,2660.5,2660.5,2660.5,7.595
2019-10-09,2660.5,2683.5,2683.5,2659.5,7.595
2019-10-08,2657.5,2657.5,2657.5,2657.5,7.595
2019-10-07,2657.5,2657,2657.5,2657,7.595
2019-10-04,2656.5,2660,2662.5,2655.5,7.595
2019-10-03,2660.5,2665,2666,2659.5,7.595
2019-10-02,2670,2683.5,2683.5,2670,7.595
2019-10-01,2675,2677,2678.5,2673.5,7.595
2019-09-30,2675,2670,2675,2670,8.994
2019-09-27,2660,2665,2679.5,2652,8.994
2019-09-26,2670,2683.5,2683.5,2670,8.994
2019-09-25,2670,2680,2680.5,2670,8.994
2019-09-24,2676,2684,2685,2674,8.994
2019-09-23,2683.5,2679.5,2683.5,2679.5,8.994
2019-09-20,2678,2678,2681,2675,8.994
2019-09-19,2677.5,2681.5,2683,2675,8.994
2019-09-18,2684,2683.5,2685.5,2675,8.994
2019-09-17,2683,2680,2683.5,2677.5,8.994
2019-09-16,2691.5,2691,2691.5,2691,8.994
2019-09-13,2690.5,2669.75,2694,2661.25,8.994
2019-09-12,2683.5,2672.5,2683.5,2670,8.994
2019-09-11,2683.5,2684,2685,2675,8.994
2019-09-10,2683.5,2670.5,2695.5,2661.5,8.994
2019-09-09,2660,2689,2691.5,2674,8.994
2019-09-06,2660,2670.5,2674,2666.5,8.994
2019-09-05,2661,2671.25,2694.5,2665.75,8.994
2019-09-04,2684,2690,2690.5,2680,8.994
2019-09-03,2691,2691,2691.5,2691,8.994
2019-09-02,2689,2689,2689,2689,8.994
2019-08-30,2689,2689,2689,2689,8.863
2019-08-29,2689,2689,2689,2689,8.863
2019-08-28,2689,2689,2689,2689,8.863
2019-08-27,2689,2689,2689,2689,8.863
2019-08-26,2689,2689,2689,2689,8.863
2019-08-23,2689,2689,2689,2689,8.863
2019-08-22,2689,2689,2689,2689,8.863
2019-08-21,2689,2689,2689,2689,8.863
2019-08-20,2692.5,2692.5,2692.5,2692.5,8.863
2019-08-19,2692.5,2689,2692.5,2689,8.863
2019-08-16,2692.5,2689,2692.5,2689,8.863
2019-08-15,2690.5,2690.5,2690.5,2690.5,8.863
2019-08-14,2690.5,2689,2690.5,2689,8.863
2019-08-13,2689,2684.5,2689,2684.5,8.863
2019-08-12,2686,2684.5,2686.5,2677.5,8.863
2019-08-09,2686.5,2670,2686.5,2670,8.863
2019-08-08,2654,2672.5,2684.5,2658,8.863
2019-08-07,2680,2681.5,2681.5,2673,8.863
2019-08-06,2665,2681.5,2681.5,2653,8.863
2019-08-05,2654,2681.5,2684,2655.5,8.863
2019-08-02,2677.5,2672.5,2682.5,2670,8.863
2019-08-01,2682,2672.5,2682,2672.5,8.863
2019-07-31,2685.5,2672.5,2685.5,2672.5,7.685
2019-07-30,2683.5,2672.5,2683.5,2672.5,7.685
2019-07-29,2679,2670,2679,2667.5,7.685
2019-07-26,2675,2678.5,2682.5,2674.5,7.685
2019-07-25,2678,2672.5,2678,2670,7.685
2019-07-24,2684.5,2672.5,2684.5,2672.5,7.685
2019-07-23,2683.5,2672.5,2683.5,2672.5,7.685
2019-07-22,2680,2672.5,2681.5,2672.5,7.685
2019-07-19,2678,2672.5,2679,2667.5,7.685
2019-07-18,2674.5,2672.5,2678,2667.5,7.685
2019-07-17,2670,2672.5,2676.5,2665,7.685
2019-07-16,2676,2670,2676,2665,7.685
2019-07-15,2667,2672.5,2675,2665,7.685
2019-07-12,2670,2660,2670,2660,7.685
2019-07-11,2660,2667.5,2670,2660,7.685
2019-07-10,2672.5,2667.5,2675,2665,7.685
2019-07-09,2672.5,2670,2672.5,2670,7.685
2019-07-08,2675,2672.5,2675,2667.5,7.685
2019-07-05,2665,2665,2665,2665,7.685
2019-07-04,2665,2665,2665,2665,7.685
2019-07-03,2665,2657.5,2675,2647.5,7.685
2019-07-02,2672.5,2665,2672.5,2665,7.685
2019-07-01,2675,2653,2675,2653,7.685
2019-06-28,2665,2670,2670,2665,8.094
2019-06-27,2670,2670,2670,2670,8.094
2019-06-26,2673,2653,2673,2653,8.094
2019-06-25,2673,2653,2673,2653,8.094
2019-06-24,2673,2653,2673,2653,8.094
2019-06-21,2673,2666,2673,2665.5,8.094
2019-06-20,2646,2673,2673,2653,8.094
2019-06-19,2673.5,2665,2673.5,2653,8.094
2019-06-18,2665,2662.5,2670,2653,8.094
2019-06-17,2647,2653,2666,2653,8.094
2019-06-14,2673.5,2670,2673.5,2670,8.094
2019-06-13,2668.5,2663.5,2668.5,2660,8.094
2019-06-12,2650,2650,2650,2650,8.094
2019-06-11,2653,2653,2653,2653,8.094
2019-06-10,2653,2650.5,2653,2647.5,8.094
2019-06-07,2650.5,2651.5,2651.5,2650.5,8.094
2019-06-06,2650.5,2653,2653,2644.5,8.094
2019-06-05,2647.5,2646,2648,2646,8.094
2019-06-04,2651,2646,2653.5,2646,8.094
2019-06-03,2661.5,2646,2662.5,2646,8.094
2019-05-31,2637,2648.5,2660.5,2634,7.892
2019-05-30,2651,2645,2652,2645,7.892
2019-05-29,2650,2644,2655,2637.5,7.892
2019-05-28,2645,2646,2651.5,2640.5,7.892
2019-05-27,2655.5,2655.5,2655.5,2655.5,7.892
2019-05-24,2655.5,2646,2655.5,2646,7.892
2019-05-23,2655.5,2646,2658,2646,7.892
2019-05-22,2655.5,2646,2659.5,2633,7.892
2019-05-21,2645,2645,2645,2645,7.892
2019-05-20,2645,2646,2646,2645,7.892
2019-05-17,2645.5,2645.5,2646,2645.5,7.892
2019-05-16,2645.5,2643.5,2649.5,2643.5,7.892
2019-05-15,2647,2647,2654.5,2640,7.892
2019-05-14,2649.5,2649.5,2652,2647,7.892
2019-05-13,2650,2647,2652.5,2647,7.892
2019-05-10,2629,2648.5,2650,2638.5,7.892
2019-05-09,2645,2641,2650,2638.5,7.892
2019-05-08,2640,2643.5,2646,2637.5,7.892
2019-05-07,2640,2645.5,2649.5,2638.5,7.892
2019-05-06,2625,2639,2642.5,2639,7.892
2019-05-03,2631,2645.5,2646.5,2640,7.892
2019-05-02,2629,2648.5,2648.5,2640.5,7.892
2019-05-01,2623,2644.5,2644.5,2642.5,7.892
2019-04-30,2642,2648.5,2648.5,2642,7.012
2019-04-29,2642,2640,2642,2640,7.012
2019-04-26,2640,2640.5,2640.5,2639,7.012
2019-04-25,2621,2639.5,2640.5,2637,7.012
2019-04-24,2621,2640,2642.5,2637,7.012
2019-04-23,2623,2643.5,2644,2631,7.012
2019-04-22,2620,2633,2639,2631,7.012
2019-04-19,2615,2633,2633,2630,7.012
2019-04-18,2621,2635.5,2639,2629,7.012
2019-04-17,2623,2633,2637,2629,7.012
2019-04-16,2618,2637.5,2637.5,2630.5,7.012
2019-04-15,2617,2631.5,2639.5,2625,7.012
2019-04-12,2615,2635,2635,2628.5,7.012
2019-04-11,2611,2626.5,2630,2626.5,7.012
2019-04-10,2611,2630,2631,2625,7.012
2019-04-09,2611,2630.5,2640,2621.5,7.012
2019-04-08,2615,2630.5,2639,2621.5,7.012
2019-04-05,2615,2630,2632,2622.5,7.012
2019-04-04,2614,2630.75,2639,2621.75,7.012
2019-04-03,2614,2636.5,2636.5,2629.5,7.012
2019-04-02,2629.5,2631,2639.5,2621,7.012
2019-04-01,2613,2633.5,2634,2627.5,7.012
2019-03-29,2612,2630,2637.5,2625,6.676
2019-03-28,2612,2630,2634,2628.5,6.676
2019-03-27,2614,2629.75,2636,2622.25,6.676
2019-03-26,2612,2630,2631,2628.5,6.676
2019-03-25,2615,2630,2633.5,2627,6.676
2019-03-22,2615,2633.5,2635,2629.5,6.676
2019-03-21,2618,2631,2640,2624.5,6.676
2019-03-20,2613,2631,2640,2623.5,6.676
2019-03-19,2617,2630,2637,2623.5,6.676
2019-03-18,2614,2630,2638,2623,6.676
2019-03-15,2615,2630,2638.5,2624,6.676
2019-03-14,2612,2630,2639.5,2623,6.676
2019-03-13,2617,2630,2639.5,2624.75,6.676
2019-03-12,2617,2630,2639,2625,6.676
2019-03-11,2615,2633,2637,2628.5,6.676
2019-03-08,2633.5,2633.5,2633.5,2633.5,6.676
2019-03-07,2633.5,2633.5,2635.5,2632.5,6.676
2019-03-06,2617,2632,2633,2629.5,6.676
2019-03-05,2620,2633,2637.5,2629.5,6.676
2019-03-04,2618,2629,2639.5,2625.5,6.676
2019-03-01,2635,2632.5,2638.5,2629.5,6.676
2019-02-28,2633.5,2633.5,2636,2631,6.873
2019-02-27,2620,2633.5,2642.5,2627.5,6.873
2019-02-26,2635,2633.5,2645,2623.5,6.873
2019-02-25,2610,2633.5,2638,2627,6.873
2019-02-22,2640,2632.5,2643.5,2632.5,6.873
2019-02-21,2617,2632.5,2646,2623.5,6.873
2019-02-20,2635,2637,2644.5,2625.5,6.873
2019-02-19,2624,2639,2639,2639,6.873
2019-02-18,2630,2630,2630,2630,6.873
2019-02-15,2632,2630,2639,2622.5,6.873
2019-02-14,2632.5,2630,2640.5,2622,6.873
2019-02-13,2630,2635.5,2636.5,2630,6.873
2019-02-12,2630,2630.5,2631,2629,6.873
2019-02-11,2612,2637.5,2637.5,2630,6.873
2019-02-08,2633,2631.5,2633,2628,6.873
2019-02-07,2628,2625.5,2630.5,2624.5,6.873
2019-02-06,2630.5,2625,2631.5,2625,6.873
2019-02-05,2620,2627.5,2632.5,2625.5,6.873
2019-02-04,2617,2627,2630.5,2626.5,6.873
2019-02-01,2614,2630.5,2630.5,2625,6.873
2019-01-31,2614,2629.5,2632.5,2624,7.282
2019-01-30,2616,2629.5,2632.5,2625,7.282
2019-01-29,2614,2630,2635.5,2624.5,7.282
2019-01-28,2617,2629,2638.5,2624,7.282
2019-01-25,2616,2635.5,2654,2631.5,7.282
2019-01-24,2621,2640,2645,2632.5,7.282
2019-01-23,2621,2646.5,2646.5,2635.5,7.282
2019-01-22,2633,2646,2658,2639,7.282
2019-01-21,2650,2650,2650,2650,7.282
2019-01-18,2635,2649.5,2659.5,2644,7.282
2019-01-17,2655,2661.5,2661.5,2655,7.282
2019-01-16,2639,2662.5,2665,2654.5,7.282
2019-01-15,2646,2662.5,2669,2655.5,7.282
2019-01-14,2648,2665,2667.5,2661.5,7.282
2019-01-11,2647,2664.5,2666,2663.5,7.282
2019-01-10,2650,2666.5,2668,2660.5,7.282
2019-01-09,2658,2658.5,2666,2656.5,7.282
2019-01-08,2660,2658.5,2663,2650.5,7.282
2019-01-07,2653,2636.5,2657,2636.5,7.282
2019-01-04,2648.5,2636.5,2650,2634,7.282
2019-01-03,2641,2643.5,2643.5,2641,7.282
2019-01-02,2645,2643.5,2648,2641,7.282
2019-01-01,2645,2645,2645,2645,7.282
2018-12-31,2640,2636.5,2643,2632,8.132
2018-12-28,2642,2643.5,2643.5,2638,8.132
2018-12-27,2639,2636.5,2642,2633.5,8.132
2018-12-26,2640,2636.5,2641.5,2630.5,8.132
2018-12-25,2635.5,2635.5,2635.5,2635.5,8.132
2018-12-24,2635.5,2632,2639,2632,8.132
2018-12-21,2632,2636.5,2637.5,2625,8.132
2018-12-20,2626,2635.5,2635.5,2625,8.132
2018-12-19,2633.5,2635.5,2639,2631,8.132
2018-12-18,2633,2635,2639,2630.5,8.132
2018-12-17,2618,2631,2641,2625,8.132
2018-12-14,2631.5,2636.5,2638,2630,8.132
2018-12-13,2617,2636.5,2640,2632.5,8.132
2018-12-12,2638,2634.5,2645,2622.5,8.132
2018-12-11,2638,2632,2642,2627,8.132
2018-12-10,2617,2637,2642,2629,8.132
2018-12-07,2619,2631,2642.5,2627,8.132
2018-12-06,2632,2632.5,2633.5,2631,8.132
2018-12-05,2616,2637,2646.5,2628,8.132
2018-12-04,2634.5,2639,2639,2633.5,8.132
2018-12-03,2626,2628.5,2632,2622.5,8.132
2018-11-30,2625,2622.5,2627,2618,8.066
2018-11-29,2618.5,2603.5,2620,2603.5,8.066
2018-11-28,2605,2600.5,2611,2567.5,8.066
2018-11-27,2600,2603.5,2611.5,2596.5,8.066
2018-11-26,2598.5,2561.5,2602.5,2561.5,8.066
2018-11-23,2580,2585,2585,2580,8.066
2018-11-22,2585,2585.5,2585.5,2585,8.066
2018-11-21,2584.5,2577.5,2586,2573,8.066
2018-11-20,2575.5,2576,2580,2572.5,8.066
2018-11-19,2575.5,2568.5,2577,2567,8.066
2018-11-16,2562,2572,2572,2572,8.066
2018-11-15,2559,2566.5,2573.5,2559.5,8.066
2018-11-14,2567,2570.5,2574.5,2563,8.066
2018-11-13,2555,2566.5,2572,2558,8.066
2018-11-12,2561,2561,2561,2561,8.066
2018-11-09,2561,2561.5,2566,2559,8.066
2018-11-08,2561.5,2563,2565.5,2559,8.066
2018-11-07,2550,2564,2568,2560.5,8.066
2018-11-06,2550,2562.5,2571,2558.5,8.066
2018-11-05,2552,2564,2567.5,2561.5,8.066
2018-11-02,2550,2561.5,2567.5,2561.5,8.066
2018-11-01,2545,2565,2571,2556.5,8.066
2018-10-31,2555,2565,2568,2558.5,6.28
2018-10-30,2555,2563,2567,2560,6.28
2018-10-29,2548,2563,2566.5,2557.5,6.28
2018-10-26,2547,2560.5,2565.5,2556.5,6.28
2018-10-25,2543,2561.5,2571,2556.5,6.28
2018-10-24,2563.5,2561.5,2571,2561.5,6.28
2018-10-23,2560.5,2563,2564.5,2559,6.28
2018-10-22,2560,2563,2571,2553.5,6.28
2018-10-19,2565,2562.5,2572,2555,6.28
2018-10-18,2550,2563,2571,2554,6.28
2018-10-17,2547,2573,2573,2564,6.28
2018-10-16,2565.5,2562,2567,2562,6.28
2018-10-15,2546,2570.5,2570.5,2564,6.28
2018-10-12,2563,2563,2563,2563,6.28
2018-10-11,2546,2562,2575,2553.5,6.28
2018-10-10,2564,2564,2564,2564,6.28
2018-10-09,2550,2565,2567.5,2562.5,6.28
2018-10-08,2566,2566,2566,2566,6.28
2018-10-05,2567.5,2565,2573,2559,6.28
2018-10-04,2552,2568,2570,2563.5,6.28
2018-10-03,2557,2567,2567,2567,6.28
2018-10-02,2536,2536,2536,2536,6.28
2018-10-01,2536,2536,2536,2536,6.28
2018-09-28,2541.5,2545,2547.5,2539,5.687
2018-09-27,2536,2545,2545,2536,5.687
2018-09-26,2538,2534,2538,2531,5.687
2018-09-25,2518,2520,2537,2520,5.687
2018-09-24,2520,2488,2520,2506.5,5.687
2018-09-21,2513,2506.5,2515,2506.5,5.687
2018-09-20,2495,2499,2512.5,2499,5.687
2018-09-19,2499,2499,2499,2499,5.687
2018-09-18,2488,2500,2505,2495,5.687
2018-09-17,2479,2489,2489,2489,5.687
2018-09-14,2481,2493,2493,2490,5.687
2018-09-13,2470,2482,2482,2480,5.687
2018-09-12,2476,2485,2485,2483,5.687
2018-09-11,2467,2480.5,2480.5,2475.5,5.687
2018-09-10,2463,2477,2477,2472.5,5.687
2018-09-07,2462,2478.5,2478.5,2472,5.687
2018-09-06,2468,2468,2468,2468,5.687
2018-09-05,2458,2472,2472,2468,5.687
2018-09-04,2460,2472,2472,2469,5.687
2018-09-03,2468,2468,2468,2468,5.687
2018-08-31,2468,2470,2470,2468,6
2018-08-30,2469.5,2473.5,2473.5,2469.5,6
2018-08-29,2466,2466,2466,2466,6
2018-08-28,2466,2476,2476,2466,6
2018-08-27,2467.5,2476.5,2476.5,2467.5,6
2018-08-24,2468,2472,2472,2468,6
2018-08-23,2468,2473,2473,2468,6
2018-08-22,2468,2476,2476,2463,6
2018-08-21,2468,2474,2474,2468,6
2018-08-20,2461,2473,2473,2461,6
2018-08-17,2460.5,2472.5,2472.5,2460.5,6
2018-08-16,2463,2470,2470,2462,6
2018-08-15,2461,2460,2461,2460,6
2018-08-14,2460,2463,2463,2458,6
2018-08-13,2458,2460,2460,2458,6
2018-08-10,2456,2457,2457,2455,6
2018-08-09,2455,2461,2461,2455,6
2018-08-08,2455.5,2460.5,2460.5,2454.5,6
2018-08-07,2455,2455,2461,2455,6
2018-08-06,2456,2464,2464,2456,6
2018-08-03,2457,2467,2467,2457,6
2018-08-02,2461.5,2466.5,2467.5,2460.5,6
2018-08-01,2461,2470,2470,2460,6
2018-07-31,2465,2470,2470,2461,7.731
2018-07-30,2463,2472,2472,2461,7.731
2018-07-27,2461,2471,2471,2461,7.731
2018-07-26,2460,2462,2472,2460,7.731
2018-07-25,2461.5,2467.5,2469.5,2461.5,7.731
2018-07-24,2464,2465,2466,2464,7.731
2018-07-23,2460.5,2468.5,2468.5,2460.5,7.731
2018-07-20,2461,2461,2461,2460,7.731
2018-07-19,2461,2468,2468,2460,7.731
2018-07-18,2461,2464,2468,2460,7.731
2018-07-17,2461,2460,2468,2460,7.731
2018-07-16,2461,2470,2470,2460,7.731
2018-07-13,2460,2460,2461,2460,7.731
2018-07-12,2461,2460,2461,2460,7.731
2018-07-11,2461,2460,2461,2460,7.731
2018-07-10,2461,2465,2470,2461,7.731
2018-07-09,2463,2470,2470,2463,7.731
2018-07-06,2465,2472,2472,2463,7.731
2018-07-05,2463,2472,2472,2460,7.731
2018-07-04,2464,2466,2466,2464,7.731
2018-07-03,2460,2472,2472,2460,7.731
2018-07-02,2462.5,2471.5,2471.5,2461.5,7.731
2018-06-29,2462,2472,2472,2462,7.2
2018-06-28,2463,2472,2472,2463,7.2
2018-06-27,2465,2472,2472,2464,7.2
2018-06-26,2465,2465,2465,2460,7.2
2018-06-25,2460,2465,2465,2460,7.2
2018-06-22,2455,2452,2464,2452,7.2
2018-06-21,2455,2440,2455,2440,7.2
2018-06-20,2439,2427,2442,2419,7.2
2018-06-19,2422.5,2428.5,2428.5,2422.5,7.2
2018-06-18,2420.5,2429.5,2429.5,2420.5,7.2
2018-06-15,2415,2419,2421,2412,7.2
2018-06-14,2414.5,2416.5,2416.5,2413.5,7.2
2018-06-13,2414.5,2415.5,2417.5,2413.5,7.2
2018-06-12,2416,2418,2420,2412,7.2
2018-06-11,2412,2412,2416,2411,7.2
2018-06-08,2413.5,2414.5,2417.5,2412.5,7.2
2018-06-07,2412,2414,2416,2407,7.2
2018-06-06,2409.5,2409.5,2415.5,2408.5,7.2
2018-06-05,2411.5,2413.5,2414.5,2408.5,7.2
2018-06-04,2411.5,2412.5,2413.5,2407.5,7.2
2018-06-01,2411,2411,2411,2409,7.2
2018-05-31,2412,2414,2415,2409,6.14
2018-05-30,2410,2414,2414,2409,6.14
2018-05-29,2412,2414,2416,2409,6.14
2018-05-28,2408.5,2410.5,2413.5,2408.5,6.14
2018-05-25,2415,2415,2417,2408,6.14
2018-05-24,2413.5,2416.5,2417.5,2406.5,6.14
2018-05-23,2407.5,2413.5,2413.5,2407.5,6.14
2018-05-22,2400,2414,2416,2400,6.14
2018-05-21,2403.5,2408.5,2408.5,2403.5,6.14
2018-05-18,2403.5,2406.5,2406.5,2403.5,6.14
2018-05-17,2401,2405,2406,2401,6.14
2018-05-16,2401,2405,2405,2399,6.14
2018-05-15,2400,2399,2402,2398,6.14
2018-05-14,2400,2400,2403,2399,6.14
2018-05-11,2403,2403,2407,2402,6.14
2018-05-10,2399.5,2399.5,2403.5,2399.5,6.14
2018-05-09,2402,2404,2408,2402,6.14
2018-05-08,2402.5,2403.5,2407.5,2397.5,6.14
2018-05-07,2403,2403,2407,2397,6.14
2018-05-04,2403,2403,2407,2403,6.14
2018-05-03,2401,2401,2406,2401,6.14
2018-05-02,2403,2403,2405,2403,6.14
2018-05-01,2403.5,2402.5,2403.5,2396.5,6.14
2018-04-30,2403,2407,2407,2401,6.04
2018-04-27,2402,2404,2407,2398,6.04
2018-04-26,2398.5,2400.5,2403.5,2395.5,6.04
2018-04-25,2398.5,2398.5,2402.5,2395.5,6.04
2018-04-24,2397,2400,2404,2397,6.04
2018-04-23,2397,2398,2402,2393,6.04
2018-04-20,2393,2394,2397,2393,6.04
2018-04-19,2396,2397,2399,2390,6.04
2018-04-18,2396,2399,2401,2393,6.04
2018-04-17,2397,2393,2401,2392,6.04
2018-04-16,2396,2400,2403,2396,6.04
2018-04-13,2391,2400,2402,2390,6.04
2018-04-12,2394,2396,2398,2386,6.04
2018-04-11,2390,2398,2401,2390,6.04
2018-04-10,2394.5,2394.5,2396.5,2387.5,6.04
2018-04-09,2390.5,2393.5,2393.5,2389.5,6.04
2018-04-06,2392.5,2395.5,2395.5,2387.5,6.04
2018-04-05,2392.5,2396.5,2400.5,2392.5,6.04
2018-04-04,2390.5,2397.5,2401.5,2389.5,6.04
2018-04-03,2390,2392,2393,2385,6.04
2018-04-02,2390,2395,2395,2390,6.04
2018-03-30,2395.5,2397.5,2404.5,2393.5,6.636
2018-03-29,2390.5,2394.5,2394.5,2390.5,6.636
2018-03-28,2398,2394,2398,2394,6.636
2018-03-27,2398.5,2397.5,2398.5,2395.5,6.636
2018-03-26,2398,2395,2398,2394,6.636
2018-03-23,2398.5,2399.5,2399.5,2396.5,6.636
2018-03-22,2398.5,2400.5,2400.5,2396.5,6.636
2018-03-21,2398,2400,2401,2397,6.636
2018-03-20,2398,2400,2402,2397,6.636
2018-03-19,2398,2399,2402,2397,6.636
2018-03-16,2397,2400,2403,2397,6.636
2018-03-15,2395.5,2394.5,2398.5,2394.5,6.636
2018-03-14,2395.5,2395.5,2398.5,2395.5,6.636
2018-03-13,2394.5,2395.5,2398.5,2394.5,6.636
2018-03-12,2395.5,2392.5,2397.5,2392.5,6.636
2018-03-09,2397,2395,2400,2395,6.636
2018-03-08,2396.5,2396.5,2396.5,2396.5,6.636
2018-03-07,2396.5,2395.5,2396.5,2395.5,6.636
2018-03-06,2396,2396,2400,2396,6.636
2018-03-05,2397,2395,2399,2395,6.636
2018-03-02,2396,2396,2399,2396,6.636
2018-03-01,2392,2393,2394,2391,6.636
2018-02-28,2392,2394,2394,2392,6.911
2018-02-27,2393,2394,2394,2393,6.911
2018-02-26,2396,2397,2398,2396,6.911
2018-02-23,2398,2399,2400,2397,6.911
2018-02-22,2397.5,2399.5,2401.5,2397.5,6.911
2018-02-21,2397.5,2399.5,2399.5,2397.5,6.911
2018-02-20,2397.5,2397.5,2399.5,2397.5,6.911
2018-02-19,2396,2392,2396,2392,6.911
2018-02-16,2398.5,2398.5,2398.5,2398.5,6.911
2018-02-15,2398.5,2392.5,2398.5,2392.5,6.911
2018-02-14,2396.5,2404.5,2404.5,2392.5,6.911
2018-02-13,2398.5,2402.5,2402.5,2398.5,6.911
2018-02-12,2413.5,2407.5,2415.5,2403.5,6.911
2018-02-09,2411.5,2417.5,2417.5,2406.5,6.911
2018-02-08,2408.5,2408.5,2408.5,2408.5,6.911
2018-02-07,2408.5,2410.5,2410.5,2408.5,6.911
2018-02-06,2413.5,2415.5,2415.5,2413.5,6.911
2018-02-05,2414.5,2416.5,2416.5,2414.5,6.911
2018-02-02,2424.5,2423.5,2426.5,2421.5,6.911
2018-02-01,2424,2426,2427,2424,6.911
2018-01-31,2424,2428,2428,2424,6.852
2018-01-30,2424,2428,2428,2424,6.852
2018-01-29,2419,2423,2423,2419,6.852
2018-01-26,2419.5,2418.5,2422.5,2418.5,6.852
2018-01-25,2420,2422,2422,2420,6.852
2018-01-24,2424.5,2427.5,2427.5,2423.5,6.852
2018-01-23,2419.5,2423.5,2423.5,2419.5,6.852
2018-01-22,2420.5,2423.5,2423.5,2420.5,6.852
2018-01-19,2425,2429,2432,2424,6.852
2018-01-18,2427.5,2426.5,2429.5,2424.5,6.852
2018-01-17,2426.5,2431.5,2431.5,2426.5,6.852
2018-01-16,2428.5,2431.5,2431.5,2428.5,6.852
2018-01-15,2431,2431,2433,2431,6.852
2018-01-12,2431,2432,2434,2431,6.852
2018-01-11,2431,2432,2436,2429,6.852
2018-01-10,2431.5,2436.5,2436.5,2429.5,6.852
2018-01-09,2427.5,2430.5,2435.5,2427.5,6.852
2018-01-08,2427.5,2430.5,2433.5,2427.5,6.852
2018-01-05,2427.5,2430.5,2430.5,2427.5,6.852
2018-01-04,2427.5,2430.5,2430.5,2426.5,6.852
2018-01-03,2427.5,2430.5,2430.5,2426.5,6.852
2018-01-02,2426.5,2430.5,2430.5,2425.5,6.852
2018-01-01,2426,2426,2426,2426,6.852
2017-12-29,2426,2426,2426,2426,6.412
2017-12-28,2426,2431,2431,2426,6.412
2017-12-27,2426,2430,2430,2426,6.412
2017-12-26,2427,2430,2430,2425,6.412
2017-12-25,2426.5,2427.5,2427.5,2420.5,6.412
2017-12-22,2434,2435,2435,2428,6.412
2017-12-21,2434,2435,2435,2434,6.412
2017-12-20,2434,2435,2435,2428,6.412
2017-12-19,2434,2435,2442,2428,6.412
2017-12-18,2428.5,2433.5,2433.5,2422.5,6.412
2017-12-15,2436,2440,2440,2434,6.412
2017-12-14,2435.5,2443.5,2443.5,2435.5,6.412
2017-12-13,2438,2442,2442,2436,6.412
2017-12-12,2438,2442,2442,2437,6.412
2017-12-11,2436,2440,2440,2436,6.412
2017-12-08,2438,2439,2439,2435,6.412
2017-12-07,2440,2440,2440,2438,6.412
2017-12-06,2440,2442,2442,2440,6.412
2017-12-05,2440,2442,2442,2440,6.412
2017-12-04,2440.5,2442.5,2443.5,2438.5,6.412
2017-12-01,2442.5,2442.5,2444.5,2440.5,6.412
2017-11-30,2444.5,2442.5,2444.5,2439.5,6.453
2017-11-29,2443.5,2442.5,2443.5,2439.5,6.453
2017-11-28,2444,2448,2448,2443,6.453
2017-11-27,2443.5,2445.5,2445.5,2440.5,6.453
2017-11-24,2443,2447,2447,2443,6.453
2017-11-23,2445,2445,2445,2441,6.453
2017-11-22,2443.5,2445.5,2445.5,2443.5,6.453
2017-11-21,2443,2450,2450,2443,6.453
2017-11-20,2445,2451,2451,2445,6.453
2017-11-17,2447.5,2449.5,2449.5,2446.5,6.453
2017-11-16,2447.5,2449.5,2449.5,2447.5,6.453
2017-11-15,2449.5,2449.5,2450.5,2447.5,6.453
2017-11-14,2450,2450,2450,2450,6.453
2017-11-13,2450.5,2450.5,2451.5,2448.5,6.453
2017-11-10,2451.25,2451.25,2454.25,2449.25,6.453
2017-11-09,2452,2452,2455,2452,6.453
2017-11-08,2453.75,2450.75,2453.75,2450.75,6.453
2017-11-07,2456,2452,2456,2450,6.453
2017-11-06,2453.5,2453.5,2458.5,2451.5,6.453
2017-11-03,2455,2452,2457,2450,6.453
2017-11-02,2454,2454,2459,2452,6.453
2017-11-01,2455.5,2452.5,2457.5,2450.5,6.453
2017-10-31,2455.5,2452.5,2455.5,2450.5,6.867
2017-10-30,2456,2453,2456,2451,6.867
2017-10-27,2455,2452,2455,2450,6.867
2017-10-26,2455.5,2452.5,2455.5,2452.5,6.867
2017-10-25,2452,2454,2454,2452,6.867
2017-10-24,2454,2453,2455,2451,6.867
2017-10-23,2458,2455,2458,2455,6.867
2017-10-20,2454,2454,2456,2452,6.867
2017-10-19,2453,2455,2458,2453,6.867
2017-10-18,2453,2455,2457,2453,6.867
2017-10-17,2458,2455,2458,2455,6.867
2017-10-16,2459.5,2459.5,2461.5,2457.5,6.867
2017-10-13,2459,2461,2463,2459,6.867
2017-10-12,2461.5,2465.5,2466.5,2461.5,6.867
2017-10-11,2458,2462,2464,2458,6.867
2017-10-10,2461,2462,2462,2457,6.867
2017-10-09,2461,2460,2461,2460,6.867
2017-10-06,2459,2467,2467,2459,6.867
2017-10-05,2461,2465,2465,2461,6.867
2017-10-04,2463.5,2468.5,2468.5,2463.5,6.867
2017-10-03,2467.5,2476.5,2476.5,2467.5,6.867
2017-10-02,2466,2464,2466,2464,6.867
2017-09-29,2469,2473,2473,2468,5.785
2017-09-28,2461,2465,2465,2460,5.785
2017-09-27,2462.5,2462.5,2467.5,2462.5,5.785
2017-09-26,2469.5,2474.5,2474.5,2468.5,5.785
2017-09-25,2470.5,2471.5,2473.5,2467.5,5.785
2017-09-22,2468.5,2475.5,2475.5,2468.5,5.785
2017-09-21,2463,2470,2470,2462,5.785
2017-09-20,2468.5,2469.5,2471.5,2468.5,5.785
2017-09-19,2476,2471,2476,2466,5.785
2017-09-18,2472.5,2459.5,2477.5,2459.5,5.785
2017-09-15,2454,2454,2461,2442,5.785
2017-09-14,2455,2455,2457,2443,5.785
2017-09-13,2447.5,2447.5,2451.5,2438.5,5.785
2017-09-12,2443,2452,2452,2443,5.785
2017-09-11,2444,2446,2447,2438,5.785
2017-09-08,2434,2438,2446,2434,5.785
2017-09-07,2437,2435,2439,2435,5.785
2017-09-06,2435.5,2433.5,2440.5,2428.5,5.785
2017-09-05,2432.5,2434.5,2437.5,2432.5,5.785
2017-09-04,2431.5,2435.5,2436.5,2431.5,5.785
2017-09-01,2429.5,2431.5,2432.5,2428.5,5.785
2017-08-31,2429,2432,2433,2428,4.982
2017-08-30,2429.5,2431.5,2434.5,2429.5,4.982
2017-08-29,2437,2439,2439.5,2437,4.982
2017-08-28,2435,2436,2436,2432,4.982
2017-08-25,2438,2440,2443,2438,4.982
2017-08-24,2439,2439,2442,2437,4.982
2017-08-23,2440,2446,2446,2440,4.982
2017-08-22,2442,2444,2445,2442,4.982
2017-08-21,2442,2444,2445,2442,4.982
2017-08-18,2446,2448,2449,2446,4.982
2017-08-17,2446.5,2449.5,2449.5,2444.5,4.982
2017-08-16,2445.5,2447.5,2448.5,2442.5,4.982
2017-08-15,2440,2436,2442,2436,4.982
2017-08-14,2443.5,2442.5,2447.5,2442.5,4.982
2017-08-11,2442.5,2447.5,2447.5,2442.5,4.982
2017-08-10,2444.5,2451.5,2451.5,2444.5,4.982
2017-08-09,2447,2454,2454,2444,4.982
2017-08-08,2445.5,2445.5,2450.5,2445.5,4.982
2017-08-07,2455.5,2449.5,2459.5,2449.5,4.982
2017-08-04,2457.5,2462.5,2462.5,2454.5,4.982
2017-08-03,2457.5,2462.5,2462.5,2457.5,4.982
2017-08-02,2452.5,2458.5,2458.5,2448.5,4.982
2017-08-01,2448.5,2446.5,2449.5,2440.5,4.982
2017-07-31,2443.5,2443.5,2443.5,2443.5,3.369
2017-07-28,2438,2441,2441,2420,3.369
2017-07-27,2427.5,2433.5,2443.5,2427.5,3.369
2017-07-26,2423,2427,2427,2423,3.369
2017-07-25,2424,2423,2424,2420,3.369
2017-07-24,2421.5,2424.5,2424.5,2421.5,3.369
2017-07-21,2419.5,2419.5,2419.5,2419.5,3.369
2017-07-20,2414.5,2417.5,2417.5,2414.5,3.369
2017-07-19,2414.5,2414.5,2415.5,2414.5,3.369
2017-07-18,2407,2400,2409,2400,3.369
2017-07-17,2402,2399,2404,2399,3.369
2017-07-14,2394,2394,2394,2394,3.369
2017-07-13,2394,2394,2394,2394,3.369
2017-07-12,2394,2394,2394,2394,3.369
2017-07-11,2394,2394,2394,2394,3.369
2017-07-10,2394,2394,2394,2394,3.369
2017-07-07,2394,2394,2394,2394,3.369
2017-07-06,2394,2387,2394,2387,3.369
2017-07-05,2374.5,2369.5,2374.5,2366.5,3.369
2017-07-04,2357,2355,2357,2353,3.369
2017-07-03,2353,2355,2358,2353,3.369
2017-06-30,2351,2350,2352,2343,3.409
2017-06-29,2348.5,2351.5,2354.5,2348.5,3.409
2017-06-28,2349,2351,2354,2349,3.409
2017-06-27,2355.5,2357.5,2360.5,2355.5,3.409
2017-06-26,2357.5,2359.5,2359.5,2357.5,3.409
2017-06-23,2358.5,2356.5,2364.5,2356.5,3.409
2017-06-22,2359.5,2355.5,2363.5,2355.5,3.409
2017-06-21,2360,2358,2360,2355,3.409
2017-06-20,2361,2367,2367,2360,3.409
2017-06-19,2367,2367,2369,2365,3.409
2017-06-16,2368,2371,2371,2367,3.409
2017-06-15,2368.5,2370.5,2373.5,2368.5,3.409
2017-06-14,2374,2378,2378,2373,3.409
2017-06-13,2377.5,2379.5,2379.5,2377.5,3.409
2017-06-12,2376,2379,2379,2376,3.409
2017-06-09,2400,2385,2400,2383,3.409
2017-06-08,2393.5,2393.5,2401.5,2391.5,3.409
2017-06-07,2396.5,2400.5,2406.5,2388.5,3.409
2017-06-06,2387,2387,2389,2385,3.409
2017-06-05,2401.5,2405.5,2405.5,2398.5,3.409
2017-06-02,2400.5,2406.5,2406.5,2399.5,3.409
2017-06-01,2403,2409,2409,2403,3.409
2017-05-31,2407,2400,2411,2396,3.653
2017-05-30,2406,2411,2412,2405,3.653
2017-05-29,2400,2406,2407,2400,3.653
2017-05-26,2409,2413,2413,2408,3.653
2017-05-25,2410.5,2414.5,2414.5,2410.5,3.653
2017-05-24,2416,2420,2420,2416,3.653
2017-05-23,2417,2424,2424,2417,3.653
2017-05-22,2419,2422,2422,2417,3.653
2017-05-19,2419,2423,2423,2419,3.653
2017-05-18,2420,2420,2424,2416,3.653
2017-05-17,2419,2421,2421,2413,3.653
2017-05-16,2420,2411,2424,2410,3.653
2017-05-15,2412,2411,2414,2410,3.653
2017-05-12,2413,2411,2413,2410,3.653
2017-05-11,2413,2411,2413,2410,3.653
2017-05-10,2413.5,2411.5,2416.5,2410.5,3.653
2017-05-09,2410,2411,2416,2410,3.653
2017-05-08,2410,2411,2414,2410,3.653
2017-05-05,2413,2415,2417,2413,3.653
2017-05-04,2419.5,2418.5,2419.5,2416.5,3.653
2017-05-03,2416,2418,2420,2416,3.653
2017-05-02,2415.5,2418.5,2418.5,2415.5,3.653
2017-05-01,2416,2418,2420,2416,3.653
2017-04-28,2417,2418,2421,2417,3.251
2017-04-27,2419,2420,2421,2418,3.251
2017-04-26,2419.5,2419.5,2423.5,2419.5,3.251
2017-04-25,2422.5,2418.5,2422.5,2417.5,3.251
2017-04-24,2415,2419,2426,2415,3.251
2017-04-21,2422,2415,2424,2415,3.251
2017-04-20,2417,2417,2419,2416,3.251
2017-04-19,2410,2404,2415,2404,3.251
2017-04-18,2407.5,2399.5,2407.5,2395.5,3.251
2017-04-17,2401,2405,2407,2401,3.251
2017-04-14,2404,2406,2407,2402,3.251
2017-04-13,2406,2412,2412,2406,3.251
2017-04-12,2429,2421,2433,2419,3.251
2017-04-11,2413,2423,2423,2413,3.251
2017-04-10,2431,2429,2435,2427,3.251
2017-04-07,2433,2439,2439,2433,3.251
2017-04-06,2435,2437,2439,2435,3.251
2017-04-05,2437,2435,2438,2433,3.251
2017-04-04,2440,2443,2445,2440,3.251
2017-04-03,2442.5,2449.5,2449.5,2442.5,3.251
2017-03-31,2452,2456,2456,2448,3.139
2017-03-30,2453,2457,2457,2453,3.139
2017-03-29,2454,2456,2458,2454,3.139
2017-03-28,2454.5,2457.5,2457.5,2454.5,3.139
2017-03-27,2456,2456,2457,2454,3.139
2017-03-24,2459.5,2457.5,2459.5,2455.5,3.139
2017-03-23,2456.5,2457.5,2459.5,2455.5,3.139
2017-03-22,2455.5,2456.5,2460.5,2452.5,3.139
2017-03-21,2455,2459,2459,2455,3.139
2017-03-20,2456.5,2460.5,2460.5,2449.5,3.139
2017-03-17,2451.5,2458.5,2458.5,2449.5,3.139
2017-03-16,2454.5,2459.5,2459.5,2452.5,3.139
2017-03-15,2453,2459,2459,2453,3.139
2017-03-14,2457,2459,2459,2455,3.139
2017-03-13,2457.5,2460.5,2460.5,2457.5,3.139
2017-03-10,2469,2473,2474,2469,3.139
2017-03-09,2471.5,2476.5,2476.5,2468.5,3.139
2017-03-08,2473.5,2479.5,2479.5,2473.5,3.139
2017-03-07,2476.5,2471.5,2478.5,2467.5,3.139
2017-03-06,2477.5,2475.5,2479.5,2466.5,3.139
2017-03-03,2478.5,2474.5,2478.5,2467.5,3.139
2017-03-02,2478.5,2474.5,2478.5,2467.5,3.139
2017-03-01,2478.5,2478.5,2478.5,2478.5,3.139
2017-02-28,2478.5,2478.5,2478.5,2478.5,2.41
2017-02-27,2478.5,2478.5,2478.5,2478.5,2.41
2017-02-24,2478.5,2474.5,2478.5,2469.5,2.41
2017-02-23,2478.5,2479.5,2479.5,2474.5,2.41
2017-02-22,2478.5,2480.5,2484.5,2476.5,2.41
2017-02-21,2480.5,2481.5,2482.5,2476.5,2.41
2017-02-20,2482,2485,2485,2476,2.41
2017-02-17,2480.5,2487.5,2487.5,2479.5,2.41
2017-02-16,2482.5,2482.5,2484.5,2476.5,2.41
2017-02-15,2482,2486,2486,2479,2.41
2017-02-14,2481,2490,2490,2481,2.41
2017-02-13,2481,2489,2489,2481,2.41
2017-02-10,2482.5,2483.5,2488.5,2481.5,2.41
2017-02-09,2479.5,2483.5,2485.5,2477.5,2.41
2017-02-08,2479.5,2483.5,2483.5,2475.5,2.41
2017-02-07,2473.5,2480.5,2480.5,2471.5,2.41
2017-02-06,2472.5,2481.5,2481.5,2469.5,2.41
2017-02-03,2472,2480,2482,2469,2.41
2017-02-02,2470,2469,2475,2469,2.41
2017-02-01,2458,2475,2477,2458,2.41
2017-01-31,2456.5,2457.5,2458.5,2451.5,2.097
2017-01-30,2460,2474,2474,2456,2.097
2017-01-27,2479.5,2471.5,2483.5,2466.5,2.097
2017-01-26,2487.5,2493.5,2493.5,2481.5,2.097
2017-01-25,2487.5,2488.5,2493.5,2487.5,2.097
2017-01-24,2489.5,2494.5,2494.5,2487.5,2.097
2017-01-23,2491.5,2492.5,2492.5,2489.5,2.097
2017-01-20,2489,2490,2490,2488,2.097
2017-01-19,2492.5,2494.5,2496.5,2492.5,2.097
2017-01-18,2493.5,2496.5,2497.5,2491.5,2.097
2017-01-17,2496,2495,2496,2490,2.097
2017-01-16,2495,2495,2496,2490,2.097
2017-01-13,2496,2498,2498,2492,2.097
2017-01-12,2496,2498,2499,2492,2.097
2017-01-11,2496,2498,2499,2492,2.097
2017-01-10,2496,2498,2499,2493,2.097
2017-01-09,2496,2498,2499,2495,2.097
2017-01-06,2495,2497,2498,2493,2.097
2017-01-05,2493,2493,2495,2490,2.097
2017-01-04,2489.5,2490.5,2492.5,2489.5,2.097
2017-01-03,2491,2488,2492,2486,2.097
2017-01-02,2490,2488,2492,2484,2.097
2016-12-30,2488,2488,2488,2488,1.265
2016-12-29,2488,2488,2488,2488,1.265
2016-12-28,2488,2487,2488,2485,1.265
2016-12-27,2487,2487,2489,2485,1.265
2016-12-26,2488,2487,2489,2485,1.265
2016-12-23,2486.5,2488.5,2489.5,2486.5,1.265
2016-12-22,2485,2485,2488,2482,1.265
2016-12-21,2486,2485,2487,2482,1.265
2016-12-20,2485,2485,2487,2482,1.265
2016-12-19,2485,2485,2487,2485,1.265
2016-12-16,2486,2483,2486,2480,1.265
2016-12-15,2483,2483,2488,2480,1.265
2016-12-14,2468,2482,2485,2468,1.265
2016-12-13,2468,2481,2482,2468,1.265
2016-12-12,2468,2478,2481,2468,1.265
2016-12-09,2468,2476,2480,2468,1.265
2016-12-08,2468,2472,2475,2468,1.265
2016-12-07,2468,2468,2474,2468,1.265
2016-12-06,2470,2469,2470,2465,1.265
2016-12-05,2468,2470,2471,2463,1.265
2016-12-02,2463.5,2468.5,2469.5,2463.5,1.265
2016-12-01,2465,2465,2466,2457,1.265
2016-11-30,2463.5,2466.5,2466.5,2458.5,0.534
2016-11-29,2461,2466,2466,2453,0.534
2016-11-28,2460.5,2463.5,2466.5,2453.5,0.534
2016-11-25,2454,2454,2454,2454,0.534
2016-11-24,2454,2452,2454,2446,0.534
2016-11-23,2449,2449,2453,2439,0.534
2016-11-22,2442,2430,2442,2424,0.534
2016-11-21,2437,2430,2438,2424,0.534
2016-11-18,2436,2422,2442,2422,0.534
2016-11-17,2428.5,2430.5,2438.5,2428.5,0.534
2016-11-16,2432.5,2422.5,2432.5,2422.5,0.534
2016-11-15,2440.5,2443.5,2446.5,2440.5,0.534
2016-11-14,2440.5,2459.5,2459.5,2439.5,0.534
2016-11-11,2470,2470,2490,2470,0.534
2016-11-10,2434,2439,2441,2427,0.534
2016-11-09,2434,2427,2434,2422,0.534
2016-11-08,2420.5,2415.5,2420.5,2411.5,0.534
2016-11-07,2409.5,2396.5,2412.5,2396.5,0.534
2016-11-04,2388,2388,2401,2388,0.534
2016-11-03,2388,2388,2393,2380,0.534
2016-11-02,2386,2382,2390,2380,0.534
2016-11-01,2380.5,2363.5,2383.5,2363.5,0.534
2016-10-31,2365,2367,2367,2365,-0.176
2016-10-28,2367,2364,2371,2362,-0.176
2016-10-27,2351,2346,2354,2344,-0.176
2016-10-26,2342.5,2343.5,2348.5,2338.5,-0.176
2016-10-25,2338.5,2338.5,2341.5,2333.5,-0.176
2016-10-24,2332.5,2332.5,2335.5,2327.5,-0.176
2016-10-21,2327,2325,2332,2320,-0.176
2016-10-20,2324,2323,2327,2318,-0.176
2016-10-19,2319,2319,2319,2319,-0.176
2016-10-18,2319,2309,2319,2297,-0.176
2016-10-17,2294,2293,2300,2291,-0.176
2016-10-14,2287.5,2287.5,2295.5,2284.5,-0.176
2016-10-13,2285,2276,2286,2271,-0.176
2016-10-12,2276,2272,2278,2268,-0.176
2016-10-11,2277,2271,2279,2269,-0.176
2016-10-10,2267.5,2267.5,2270.5,2265.5,-0.176
2016-10-07,2278,2273,2282,2270,-0.176
2016-10-06,2280,2276,2284,2268,-0.176
2016-10-05,2283,2283,2283,2275,-0.176
2016-10-04,2286.5,2288.5,2290.5,2284.5,-0.176
2016-10-03,2285.5,2287.5,2292.5,2285.5,-0.176
2016-09-30,2284.5,2286.5,2289.5,2283.5,-0.046
2016-09-29,2282,2274,2282,2272,-0.046
2016-09-28,2274,2268,2278,2268,-0.046
2016-09-27,2269,2268,2271,2265,-0.046
2016-09-26,2263,2259,2264,2249,-0.046
2016-09-23,2256.5,2258.5,2261.5,2256.5,-0.046
2016-09-22,2248,2246,2252,2244,-0.046
2016-09-21,2245,2247,2251,2241,-0.046
2016-09-20,2242,2246,2250,2241,-0.046
2016-09-19,2242.5,2245.5,2248.5,2240.5,-0.046
2016-09-16,2243,2242,2247,2240,-0.046
2016-09-15,2240,2242,2245,2235,-0.046
2016-09-14,2237,2244,2246,2229,-0.046
2016-09-13,2239,2230,2239,2226,-0.046
2016-09-12,2231.5,2235.5,2241.5,2226.5,-0.046
2016-09-09,2228.5,2223.5,2228.5,2221.5,-0.046
2016-09-08,2223,2222,2237,2208,-0.046
2016-09-07,2213.5,2217.5,2227.5,2211.5,-0.046
2016-09-06,2214.5,2216.5,2231.5,2205.5,-0.046
2016-09-05,2215,2205,2215,2194,-0.046
2016-09-02,2213.5,2227.5,2227.5,2212.5,-0.046
2016-09-01,2203,2222,2222,2200,-0.046
2016-08-31,2215,2238,2238,2215,-0.137
2016-08-30,2251.5,2247.5,2264.5,2240.5,-0.137
2016-08-29,2256.5,2257.5,2262.5,2225.5,-0.137
2016-08-26,2253.5,2267.5,2267.5,2245.5,-0.137
2016-08-25,2259.5,2264.5,2264.5,2252.5,-0.137
2016-08-24,2261,2263,2263,2253,-0.137
2016-08-23,2260.5,2263.5,2263.5,2253.5,-0.137
2016-08-22,2258.5,2265.5,2265.5,2255.5,-0.137
2016-08-19,2260.5,2263.5,2263.5,2253.5,-0.137
2016-08-18,2266.5,2243.5,2268.5,2242.5,-0.137
2016-08-17,2254.5,2255.5,2265.5,2253.5,-0.137
2016-08-16,2219,2216,2231,2216,-0.137
2016-08-15,2195,2185,2200,2182,-0.137
2016-08-12,2160.5,2142.5,2162.5,2142.5,-0.137
2016-08-11,2146.5,2143.5,2148.5,2137.5,-0.137
2016-08-10,2137,2123,2139,2123,-0.137
2016-08-09,2130,2123,2133,2115,-0.137
2016-08-08,2117.5,2125.5,2126.5,2117.5,-0.137
2016-08-05,2108.5,2107.5,2109.5,2105.5,-0.137
2016-08-04,2093,2090,2095,2089,-0.137
2016-08-03,2084,2087,2095,2084,-0.137
2016-08-02,2076,2079,2083,2072,-0.137
2016-08-01,2072,2075,2082,2070,-0.137
2016-07-29,2066.5,2068.5,2073.5,2064.5,1.494
2016-07-28,2064,2056,2066,2056,1.494
2016-07-27,2060,2048,2060,2048,1.494
2016-07-26,2052,2047,2054,2046,1.494
2016-07-25,2047,2046,2052,2043,1.494
2016-07-22,2042,2044,2049,2041,1.494
2016-07-21,2039,2036,2043,2036,1.494
2016-07-20,2035,2029,2041,2029,1.494
2016-07-19,2028,2027,2030,2021,1.494
2016-07-18,2020.5,2026.5,2028,2012.5,1.494
2016-07-15,2013,2019,2019,2013,1.494
2016-07-14,2016,2018,2018,2016,1.494
2016-07-13,2017,2019,2019,2017,1.494
2016-07-12,2018,2022,2022,2018,1.494
2016-07-11,2020,2022,2022,2020,1.494
2016-07-08,2021,2019,2021,2012,1.494
2016-07-07,2010.5,2007.5,2017.5,2005.5,1.494
2016-07-06,2002.5,2003.5,2013.5,2002.5,1.494
2016-07-05,1999,1994,2004,1984,1.494
2016-07-04,1994.5,1987.5,1999.5,1982.5,1.494
2016-07-01,1983,1987,1995,1982,1.494
2016-06-30,1983,1972,1987,1972,1.156
2016-06-29,1975.5,1977.5,1977.5,1975.5,1.156
2016-06-28,1977.5,1957.5,1977.5,1944.5,1.156
2016-06-27,1949,1944,1949,1941,1.156
2016-06-24,1936.5,1944.5,1944.5,1936.5,1.156
2016-06-23,1945,1944,1947,1942,1.156
2016-06-22,1944,1947,1951,1944,1.156
2016-06-21,1946,1948,1952,1945,1.156
2016-06-20,1965.5,1958.5,1969.5,1952.5,1.156
2016-06-17,1965.5,1964.5,1969.5,1956.5,1.156
2016-06-16,1960,1964,1968,1960,1.156
2016-06-15,1965.5,1972.5,1972.5,1965.5,1.156
2016-06-14,1967.5,1970.5,1972.5,1966.5,1.156
2016-06-13,1970.5,1973.5,1975.5,1970.5,1.156
2016-06-10,1981,1980,1981,1976,1.156
2016-06-09,1978,1984,1984,1978,1.156
2016-06-08,1984,1987,1987,1983,1.156
2016-06-07,1989,1987,1991,1984,1.156
2016-06-06,1988,1990,1992,1986,1.156
2016-06-03,1990,1992,1994,1985,1.156
2016-06-02,1987,1996,1996,1987,1.156
2016-06-01,1995.5,1999.5,1999.5,1995.5,1.156
2016-05-31,1993.5,1994.5,1996.5,1990.5,1.324
2016-05-30,1995,1995,1997,1993,1.324
2016-05-27,1997.5,2002.5,2003.5,1997.5,1.324
2016-05-26,2001.5,2004.5,2005.5,2000.5,1.324
2016-05-25,2002.5,2003.5,2004.5,2001.5,1.324
2016-05-24,2003.5,2002.5,2005.5,1990.5,1.324
2016-05-23,2018,2026,2030,2018,1.324
2016-05-20,1997,2003,2006,1997,1.324
2016-05-19,1997,2003,2006,1997,1.324
2016-05-18,1999.5,2005.5,2008.5,1999.5,1.324
2016-05-17,2014.5,2001.5,2014.5,2001.5,1.324
2016-05-16,2012.5,2008.5,2018.5,2008.5,1.324
2016-05-13,2009,2015,2015,2009,1.324
2016-05-12,2017.5,2013.5,2017.5,2009.5,1.324
2016-05-11,2015.5,2015.5,2019.5,2013.5,1.324
2016-05-10,2017.5,2019.5,2021.5,2016.5,1.324
2016-05-09,2015,2024,2025,2015,1.324
2016-05-06,2017,2022,2023,2017,1.324
2016-05-05,2013.5,2023.5,2024.5,2013.5,1.324
2016-05-04,2014.5,2018.5,2022.5,2014.5,1.324
2016-05-03,2014.5,2018.5,2020.5,2014.5,1.324
2016-05-02,2013,2016,2016,2013,1.324
2016-04-29,2012,2011,2014,2011,1.322
2016-04-28,2007,2004,2010,2004,1.322
2016-04-27,2002,2000,2009,2000,1.322
2016-04-26,1999.5,1999.5,2001.5,1993.5,1.322
2016-04-25,1994.5,1976.5,1998.5,1976.5,1.322
2016-04-22,1992,1976,1992,1976,1.322
2016-04-21,1978,1981,1986,1978,1.322
2016-04-20,1981,1991,1991,1981,1.322
2016-04-19,1984,1996,1999,1984,1.322
2016-04-18,2004.5,1994.5,2006.5,1993.5,1.322
2016-04-15,2002.5,2007.5,2007.5,2002.5,1.322
2016-04-14,2005.5,2009.5,2013.5,2005.5,1.322
2016-04-13,2011,2013,2015,2011,1.322
2016-04-12,2017.5,2023.5,2024.5,2017.5,1.322
2016-04-11,2019.5,2021.5,2027.5,2017.5,1.322
2016-04-08,2031,2025,2031,2025,1.322
2016-04-07,2034,2034,2038,2033,1.322
2016-04-06,2035.5,2035.5,2041.5,2035.5,1.322
2016-04-05,2046,2042,2048,2041,1.322
2016-04-04,2046,2048,2050,2044,1.322
2016-04-01,2047,2049,2050,2047,1.322
2016-03-31,2045,2051,2052,2045,0.769
2016-03-30,2045,2051,2053,2045,0.769
2016-03-29,2047,2050,2051,2047,0.769
2016-03-28,2045.5,2049.5,2051.5,2045.5,0.769
2016-03-25,2049,2047,2049,2045,0.769
2016-03-24,2046.5,2049.5,2050.5,2046.5,0.769
2016-03-23,2045.5,2048.5,2049.5,2043.5,0.769
2016-03-22,2047,2046,2047,2043,0.769
2016-03-21,2045.5,2047.5,2049.5,2045.5,0.769
2016-03-18,2044,2046,2048,2044,0.769
2016-03-17,2043.5,2046.5,2048.5,2043.5,0.769
2016-03-16,2045,2040,2046,2040,0.769
2016-03-15,2046.5,2041.5,2046.5,2038.5,0.769
2016-03-14,2044.5,2046.5,2050.5,2044.5,0.769
2016-03-11,2045,2048,2050,2045,0.769
2016-03-10,2045.5,2047.5,2049.5,2045.5,0.769
2016-03-09,2044.5,2040.5,2047.5,2040.5,0.769
2016-03-08,2040.5,2040.5,2040.5,2040.5,0.769
2016-03-07,2041.5,2041.5,2044.5,2031.5,0.769
2016-03-04,2038,2037,2044,2031,0.769
2016-03-03,2032.5,2038.5,2040.5,2032.5,0.769
2016-03-02,2034.5,2036.5,2038.5,2031.5,0.769
2016-03-01,2031.5,2031.5,2032.5,2028.5,0.769
2016-02-29,2030,2031,2035,2028,0.848
2016-02-26,2034.5,2036.5,2037.5,2033.5,0.848
2016-02-25,2032.5,2033.5,2036.5,2032.5,0.848
2016-02-24,2030,2034,2037,2026,0.848
2016-02-23,2027,2030,2033,2020,0.848
2016-02-22,2026.5,2028.5,2030.5,2017.5,0.848
2016-02-19,2023,2029,2030,2018,0.848
2016-02-18,2019,2027,2027,2014,0.848
2016-02-17,2016.5,2022.5,2026.5,2016.5,0.848
2016-02-16,2019,2018,2024,2013,0.848
2016-02-15,2014,2019,2022,2014,0.848
2016-02-12,2013.5,2020.5,2021.5,2013.5,0.848
2016-02-11,2013,2015,2015,2013,0.848
2016-02-10,2013,2015,2015,2013,0.848
2016-02-09,2013,2015,2015,2013,0.848
2016-02-08,2015,2017,2021,2013,0.848
2016-02-05,2014,2018,2022,2010,0.848
2016-02-04,2011.5,2014.5,2014.5,2008.5,0.848
2016-02-03,2009.5,2014.5,2016.5,2008.5,0.848
2016-02-02,2007.5,2009.5,2011.5,2007.5,0.848
2016-02-01,2007.5,2007.5,2011.5,2007.5,0.848
2016-01-29,2007,2008,2011,2006,0.554
2016-01-28,2004,2007,2011,1992,0.554
2016-01-27,2005,2005,2007,2002,0.554
2016-01-26,2004,2007,2009,2004,0.554
2016-01-25,2004.5,2007.5,2010.5,2004.5,0.554
2016-01-22,2002.5,2005.5,2008.5,1991.5,0.554
2016-01-21,2002,2006,2009,2002,0.554
2016-01-20,2002,2005,2008,1992,0.554
2016-01-19,2003,2003,2005,2002,0.554
2016-01-18,2002,2001,2003,2000,0.554
2016-01-15,1992.5,2001.5,2002.5,1992.5,0.554
2016-01-14,1990.5,2003.5,2003.5,1990.5,0.554
2016-01-13,1991.5,2002.5,2002.5,1991.5,0.554
2016-01-12,1992.5,1996.5,2001.5,1988.5,0.554
2016-01-11,1994,1995,1999,1987,0.554
2016-01-08,1994.5,1994.5,1998.5,1986.5,0.554
2016-01-07,1994.5,1994.5,1998.5,1986.5,0.554
2016-01-06,1994,1995,1998,1994,0.554
2016-01-05,1993.5,1995.5,1997.5,1987.5,0.554
2016-01-04,1991.5,1997.5,1999.5,1989.5,0.554
2016-01-01,1993,1993,1993,1993,0.554
